Date,Time,Open,High,Low,Close
2025-01-06,00:00,16800,16802.74,16797.41,16799.43
2025-01-06,00:05,16799.43,16801.46,16793.65,16796.98
2025-01-06,00:10,16796.98,16802.52,16794.35,16800.04
2025-01-06,00:15,16800.04,16803.12,16792.8,16795.54
2025-01-06,00:20,16795.54,16796.07,16789.61,16790.98
2025-01-06,00:25,16790.98,16794.21,16788.23,16792.01
2025-01-06,00:30,16792.01,16795.69,16790.42,16793.06
2025-01-06,00:35,16793.06,16798.22,16791.43,16794.81
2025-01-06,00:40,16794.81,16796.95,16791.18,16794.04
2025-01-06,00:45,16794.04,16795.34,16791.26,16792.99
2025-01-06,00:50,16792.99,16795.47,16788.27,16790.93
2025-01-06,00:55,16790.93,16794.8,16790.66,16791.28
2025-01-06,01:00,16791.28,16792.72,16788.47,16791.2
2025-01-06,01:05,16791.2,16794.25,16784.42,16787.32
2025-01-06,01:10,16787.32,16794.17,16784.96,16791.58
2025-01-06,01:15,16791.58,16795.17,16789.78,16793.53
2025-01-06,01:20,16793.53,16795.25,16787.55,16791.05
2025-01-06,01:25,16791.05,16793.52,16783.55,16787.2
2025-01-06,01:30,16787.2,16787.43,16779.53,16782.12
2025-01-06,01:35,16782.12,16785.32,16775.91,16779.23
2025-01-06,01:40,16779.23,16782.84,16775.43,16780.17
2025-01-06,01:45,16780.17,16784.65,16779.47,16781.87
2025-01-06,01:50,16781.87,16787.56,16781.56,16784.8
2025-01-06,01:55,16784.8,16787.89,16782.74,16787.42
2025-01-06,02:00,16787.42,16791.24,16781.23,16784.01
2025-01-06,02:05,16784.01,16788.06,16781.65,16785.18
2025-01-06,02:10,16785.18,16787.01,16780.33,16783.59
2025-01-06,02:15,16783.59,16786.76,16777.71,16781.39
2025-01-06,02:20,16781.39,16783.5,16775.7,16777.79
2025-01-06,02:25,16777.79,16783.22,16774.31,16781.99
2025-01-06,02:30,16781.99,16784.85,16776.71,16780.06
2025-01-06,02:35,16780.06,16783.68,16777.67,16781.3
2025-01-06,02:40,16781.3,16783.81,16778.28,16781.08
2025-01-06,02:45,16781.08,16786.28,16776.87,16783.49
2025-01-06,02:50,16783.49,16785.36,16780.34,16782.57
2025-01-06,02:55,16782.57,16785.19,16777.86,16781.9
2025-01-06,03:00,16781.9,16784.38,16776.4,16779.03
2025-01-06,03:05,16779.03,16781.91,16775.57,16778.09
2025-01-06,03:10,16778.09,16787.76,16776.39,16785.17
2025-01-06,03:15,16785.17,16787.35,16784.38,16784.81
2025-01-06,03:20,16784.81,16788.99,16782.64,16787.9
2025-01-06,03:25,16787.9,16794.27,16787.33,16790.57
2025-01-06,03:30,16790.57,16793.42,16786.57,16789.88
2025-01-06,03:35,16789.88,16794.01,16786.97,16793.19
2025-01-06,03:40,16793.19,16797.36,16791.1,16793.95
2025-01-06,03:45,16793.95,16798.82,16791.8,16796.44
2025-01-06,03:50,16796.44,16801.58,16791.51,16799.63
2025-01-06,03:55,16799.63,16804.43,16797.26,16802.45
2025-01-06,04:00,16802.45,16806.2,16801.71,16803.33
2025-01-06,04:05,16803.33,16806.6,16802.1,16805.3
2025-01-06,04:10,16805.3,16812.07,16801.62,16809.1
2025-01-06,04:15,16809.1,16810.47,16806.11,16809.35
2025-01-06,04:20,16809.35,16813.12,16803.89,16807.1
2025-01-06,04:25,16807.1,16810.72,16799.67,16801.82
2025-01-06,04:30,16801.82,16805.82,16798.11,16803.18
2025-01-06,04:35,16803.18,16810.3,16799.52,16806.6
2025-01-06,04:40,16806.6,16809.84,16802.4,16804.75
2025-01-06,04:45,16804.75,16810.95,16804.74,16808.97
2025-01-06,04:50,16808.97,16812.01,16801.45,16804
2025-01-06,04:55,16804,16807.26,16801.68,16804.2
2025-01-06,05:00,16804.2,16807.51,16800.5,16804.25
2025-01-06,05:05,16804.25,16807.35,16802.19,16802.59
2025-01-06,05:10,16802.59,16805.88,16796.28,16797.31
2025-01-06,05:15,16797.31,16799.52,16795.32,16796.98
2025-01-06,05:20,16796.98,16804.48,16794.22,16802.2
2025-01-06,05:25,16802.2,16803.21,16800.15,16801.85
2025-01-06,05:30,16801.85,16803.5,16794.21,16797.44
2025-01-06,05:35,16797.44,16800.69,16795.04,16797.66
2025-01-06,05:40,16797.66,16799.27,16790.34,16793.48
2025-01-06,05:45,16793.48,16794.96,16790.41,16791.15
2025-01-06,05:50,16791.15,16793.75,16787.97,16788.04
2025-01-06,05:55,16788.04,16788.38,16783.48,16786.43
2025-01-06,06:00,16786.43,16788.4,16774.09,16777.7
2025-01-06,06:05,16777.7,16785.25,16773.57,16781
2025-01-06,06:10,16781,16790.64,16777.17,16786.52
2025-01-06,06:15,16786.52,16795.32,16783.74,16790.29
2025-01-06,06:20,16790.29,16798.97,16786.43,16798.23
2025-01-06,06:25,16798.23,16802.4,16788.86,16794.7
2025-01-06,06:30,16794.7,16801.58,16792.77,16797.12
2025-01-06,06:35,16797.12,16802.83,16793.97,16798.47
2025-01-06,06:40,16798.47,16801.17,16790.13,16794.58
2025-01-06,06:45,16794.58,16796.6,16784.41,16791.34
2025-01-06,06:50,16791.34,16794.49,16787.27,16794.06
2025-01-06,06:55,16794.06,16804.77,16790.95,16800.97
2025-01-06,07:00,16800.97,16810.26,16778.28,16785.59
2025-01-06,07:05,16785.59,16807.84,16783.12,16796.37
2025-01-06,07:10,16796.37,16805.78,16791.09,16798.87
2025-01-06,07:15,16798.87,16825.31,16795.81,16816.01
2025-01-06,07:20,16816.01,16838.98,16804.51,16829.81
2025-01-06,07:25,16829.81,16836.94,16822.66,16823.01
2025-01-06,07:30,16823.01,16830.87,16818.36,16822.72
2025-01-06,07:35,16822.72,16834.02,16814.53,16826.57
2025-01-06,07:40,16826.57,16835.18,16817.62,16824.16
2025-01-06,07:45,16824.16,16830.56,16813.24,16819.33
2025-01-06,07:50,16819.33,16826.4,16813.31,16819.51
2025-01-06,07:55,16819.51,16832.42,16811.89,16823.07
2025-01-06,08:00,16823.07,16830.53,16821.98,16826.83
2025-01-06,08:05,16826.83,16835.3,16816.22,16819.58
2025-01-06,08:10,16819.58,16830.4,16806.13,16811.46
2025-01-06,08:15,16811.46,16819.32,16797.76,16805.55
2025-01-06,08:20,16805.55,16826,16799.21,16817.62
2025-01-06,08:25,16817.62,16840.18,16808.35,16831.06
2025-01-06,08:30,16831.06,16839.5,16824.5,16830.07
2025-01-06,08:35,16830.07,16843.99,16824.26,16835.05
2025-01-06,08:40,16835.05,16850.98,16828.4,16845.18
2025-01-06,08:45,16845.18,16854.03,16833.5,16842.65
2025-01-06,08:50,16842.65,16849.58,16826.12,16833.53
2025-01-06,08:55,16833.53,16846.48,16824.74,16840.01
2025-01-06,09:00,16840.01,16848.43,16834.29,16841.88
2025-01-06,09:05,16841.88,16846.52,16827.26,16833.67
2025-01-06,09:10,16833.67,16834.45,16825.92,16830.41
2025-01-06,09:15,16830.41,16841.42,16824.66,16835.17
2025-01-06,09:20,16835.17,16857.87,16825.71,16850.03
2025-01-06,09:25,16850.03,16851.34,16840.2,16848.79
2025-01-06,09:30,16848.79,16855.04,16825.69,16833.85
2025-01-06,09:35,16833.85,16837.27,16814.85,16819.49
2025-01-06,09:40,16819.49,16827.09,16811.31,16819.99
2025-01-06,09:45,16819.99,16841.92,16817.26,16832.26
2025-01-06,09:50,16832.26,16835.65,16817.86,16824.03
2025-01-06,09:55,16824.03,16830.17,16821.1,16828.21
2025-01-06,10:00,16828.21,16832.01,16823.09,16827.37
2025-01-06,10:05,16827.37,16836.57,16823.14,16831.49
2025-01-06,10:10,16831.49,16832.33,16828.29,16830.8
2025-01-06,10:15,16830.8,16835.58,16818.12,16822.8
2025-01-06,10:20,16822.8,16826.6,16816.4,16821.69
2025-01-06,10:25,16821.69,16824.52,16817.57,16821.76
2025-01-06,10:30,16821.76,16831.04,16818.75,16826.07
2025-01-06,10:35,16826.07,16829.04,16822.03,16824.29
2025-01-06,10:40,16824.29,16828.89,16816.46,16821.87
2025-01-06,10:45,16821.87,16838.71,16815.35,16834.93
2025-01-06,10:50,16834.93,16841.52,16831.98,16841.35
2025-01-06,10:55,16841.35,16853.85,16836.33,16844.95
2025-01-06,11:00,16844.95,16855.67,16839.57,16849.45
2025-01-06,11:05,16849.45,16854.85,16842.78,16852.53
2025-01-06,11:10,16852.53,16862.66,16848.56,16854.18
2025-01-06,11:15,16854.18,16865.31,16851.33,16860.86
2025-01-06,11:20,16860.86,16870.12,16857.95,16864.35
2025-01-06,11:25,16864.35,16878.24,16859.43,16873.8
2025-01-06,11:30,16873.8,16884.9,16868.1,16881.86
2025-01-06,11:35,16881.86,16887.64,16871.36,16878.33
2025-01-06,11:40,16878.33,16884.29,16870.59,16874.89
2025-01-06,11:45,16874.89,16890.13,16871.49,16883.55
2025-01-06,11:50,16883.55,16889.76,16880.4,16883.85
2025-01-06,11:55,16883.85,16891.69,16867.47,16874.5
2025-01-06,12:00,16874.5,16875.78,16859.84,16866.5
2025-01-06,12:05,16866.5,16870.3,16862.27,16866.44
2025-01-06,12:10,16866.44,16868.47,16862.18,16866.84
2025-01-06,12:15,16866.84,16873.63,16864.18,16869.68
2025-01-06,12:20,16869.68,16877.09,16861.4,16867.28
2025-01-06,12:25,16867.28,16870.33,16862.35,16864.95
2025-01-06,12:30,16864.95,16872.22,16859.45,16866.83
2025-01-06,12:35,16866.83,16871.25,16853.43,16863.21
2025-01-06,12:40,16863.21,16867.94,16855.9,16860.6
2025-01-06,12:45,16860.6,16865.7,16855.04,16859.54
2025-01-06,12:50,16859.54,16862.24,16844.98,16849.38
2025-01-06,12:55,16849.38,16854.99,16840.73,16843.88
2025-01-06,13:00,16843.88,16853.21,16838.5,16848.22
2025-01-06,13:05,16848.22,16852.56,16835.43,16840.7
2025-01-06,13:10,16840.7,16846.54,16837.67,16840.38
2025-01-06,13:15,16840.38,16854.18,16835.7,16850.85
2025-01-06,13:20,16850.85,16864.55,16844.72,16859.54
2025-01-06,13:25,16859.54,16864.04,16858.56,16859.66
2025-01-06,13:30,16859.66,16870.74,16849.05,16868.86
2025-01-06,13:35,16868.86,16882.83,16866.11,16873.55
2025-01-06,13:40,16873.55,16894.66,16869.13,16888.67
2025-01-06,13:45,16888.67,16897.84,16862.73,16876.65
2025-01-06,13:50,16876.65,16895.11,16870.47,16879.29
2025-01-06,13:55,16879.29,16894.68,16874.84,16884.76
2025-01-06,14:00,16884.76,16896.72,16881.33,16887.85
2025-01-06,14:05,16887.85,16897.46,16875,16882.59
2025-01-06,14:10,16882.59,16894.28,16866.35,16879.22
2025-01-06,14:15,16879.22,16893.19,16870.97,16887.84
2025-01-06,14:20,16887.84,16909.79,16880.1,16903.13
2025-01-06,14:25,16903.13,16911.19,16882.67,16888.3
2025-01-06,14:30,16888.3,16889.38,16869.01,16877.14
2025-01-06,14:35,16877.14,16888.25,16864.75,16871.79
2025-01-06,14:40,16871.79,16879.21,16866.16,16876.7
2025-01-06,14:45,16876.7,16892.74,16867.62,16885.31
2025-01-06,14:50,16885.31,16902.27,16879.71,16888.45
2025-01-06,14:55,16888.45,16896.51,16873.52,16882.13
2025-01-06,15:00,16882.13,16882.78,16859.75,16869.87
2025-01-06,15:05,16869.87,16893.42,16861.15,16876.21
2025-01-06,15:10,16876.21,16894.89,16862.39,16885.6
2025-01-06,15:15,16885.6,16889.66,16871.1,16881.94
2025-01-06,15:20,16881.94,16906.81,16873.96,16891.27
2025-01-06,15:25,16891.27,16896.34,16880.57,16886.36
2025-01-06,15:30,16886.36,16895.04,16878.97,16886.81
2025-01-06,15:35,16886.81,16899.33,16876.48,16891.83
2025-01-06,15:40,16891.83,16904.92,16870.74,16880.37
2025-01-06,15:45,16880.37,16900.44,16877.85,16891.23
2025-01-06,15:50,16891.23,16905.75,16882.54,16894.63
2025-01-06,15:55,16894.63,16906.03,16871.1,16879.21
2025-01-06,16:00,16879.21,16891.05,16868.85,16882.78
2025-01-06,16:05,16882.78,16883.29,16875.95,16882.47
2025-01-06,16:10,16882.47,16902.62,16874.89,16895.89
2025-01-06,16:15,16895.89,16906.46,16878.81,16892.68
2025-01-06,16:20,16892.68,16910.51,16883.95,16905
2025-01-06,16:25,16905,16918.15,16888.64,16906.2
2025-01-06,16:30,16906.2,16912.04,16900.22,16902.8
2025-01-06,16:35,16902.8,16910.5,16896.88,16906.28
2025-01-06,16:40,16906.28,16912.44,16902.94,16910.88
2025-01-06,16:45,16910.88,16917.48,16903.55,16908.52
2025-01-06,16:50,16908.52,16919.94,16903.71,16911.82
2025-01-06,16:55,16911.82,16924.66,16909.72,16919.3
2025-01-06,17:00,16919.3,16933.22,16914.58,16932.59
2025-01-06,17:05,16932.59,16944.63,16928.36,16938.43
2025-01-06,17:10,16938.43,16946.06,16935.92,16939.09
2025-01-06,17:15,16939.09,16939.82,16934.73,16938.98
2025-01-06,17:20,16938.98,16945.06,16936.03,16941.73
2025-01-06,17:25,16941.73,16945.13,16936.64,16941.47
2025-01-06,17:30,16941.47,16957,16938.32,16948.62
2025-01-06,17:35,16948.62,16957.41,16930.49,16933.77
2025-01-06,17:40,16933.77,16938.9,16928,16936.95
2025-01-06,17:45,16936.95,16942.36,16918.73,16926.04
2025-01-06,17:50,16926.04,16936.17,16920.24,16930.93
2025-01-06,17:55,16930.93,16943.14,16924.3,16938.81
2025-01-06,18:00,16938.81,16946.32,16934.24,16943.23
2025-01-06,18:05,16943.23,16950.43,16940.83,16945.96
2025-01-06,18:10,16945.96,16953.95,16940.27,16947.18
2025-01-06,18:15,16947.18,16954.82,16943.01,16946.99
2025-01-06,18:20,16946.99,16957.31,16942.77,16952.38
2025-01-06,18:25,16952.38,16958.49,16945.36,16950.9
2025-01-06,18:30,16950.9,16958.71,16948.2,16953.53
2025-01-06,18:35,16953.53,16957.63,16945.45,16951.92
2025-01-06,18:40,16951.92,16957.64,16944.9,16947.86
2025-01-06,18:45,16947.86,16955.17,16941.53,16944.97
2025-01-06,18:50,16944.97,16958.9,16941.08,16958.36
2025-01-06,18:55,16958.36,16961.76,16948.56,16957.88
2025-01-06,19:00,16957.88,16964.47,16946.92,16948.1
2025-01-06,19:05,16948.1,16953.2,16937.27,16944.72
2025-01-06,19:10,16944.72,16945.96,16929.18,16936.46
2025-01-06,19:15,16936.46,16943.06,16925.82,16931.66
2025-01-06,19:20,16931.66,16935.83,16911.51,16918.2
2025-01-06,19:25,16918.2,16923.95,16913.04,16923.59
2025-01-06,19:30,16923.59,16941.8,16919.48,16939
2025-01-06,19:35,16939,16948.29,16931.79,16944.42
2025-01-06,19:40,16944.42,16949.82,16939.29,16946.13
2025-01-06,19:45,16946.13,16953.23,16931.22,16936.66
2025-01-06,19:50,16936.66,16944.86,16933.91,16937.98
2025-01-06,19:55,16937.98,16947.23,16933.88,16941.33
2025-01-06,20:00,16941.33,16954.39,16936.5,16948.9
2025-01-06,20:05,16948.9,16954.51,16946.25,16950.6
2025-01-06,20:10,16950.6,16954.11,16944.77,16947.14
2025-01-06,20:15,16947.14,16953.33,16936.73,16939.4
2025-01-06,20:20,16939.4,16953,16936.13,16947.77
2025-01-06,20:25,16947.77,16949.94,16944.25,16948.78
2025-01-06,20:30,16948.78,16953.75,16939.75,16946.09
2025-01-06,20:35,16946.09,16957.69,16941.89,16951.65
2025-01-06,20:40,16951.65,16955.79,16945.73,16950.15
2025-01-06,20:45,16950.15,16954.9,16945.53,16948.28
2025-01-06,20:50,16948.28,16955.95,16939.12,16951.5
2025-01-06,20:55,16951.5,16952.47,16943.53,16950.39
2025-01-06,21:00,16950.39,16953.77,16936.58,16940.51
2025-01-06,21:05,16940.51,16942.91,16936.12,16942.85
2025-01-06,21:10,16942.85,16945.45,16938.76,16943.07
2025-01-06,21:15,16943.07,16946.58,16943.02,16944.09
2025-01-06,21:20,16944.09,16949.29,16942.12,16945.03
2025-01-06,21:25,16945.03,16951.03,16940.09,16947.63
2025-01-06,21:30,16947.63,16948.14,16939.72,16944.12
2025-01-06,21:35,16944.12,16952.27,16941.79,16947.93
2025-01-06,21:40,16947.93,16953.53,16947.27,16951.61
2025-01-06,21:45,16951.61,16967.59,16949.37,16961.7
2025-01-06,21:50,16961.7,16964.9,16956.67,16962.75
2025-01-06,21:55,16962.75,16967.78,16956.14,16958.52
2025-01-06,22:00,16958.52,16961.35,16954.87,16958.59
2025-01-06,22:05,16958.59,16958.7,16949.9,16951.33
2025-01-06,22:10,16951.33,16954.63,16947.35,16951.35
2025-01-06,22:15,16951.35,16953.56,16948.06,16948.29
2025-01-06,22:20,16948.29,16954.28,16945.26,16950.34
2025-01-06,22:25,16950.34,16957.41,16946.11,16954.19
2025-01-06,22:30,16954.19,16960.17,16951.79,16955.14
2025-01-06,22:35,16955.14,16957.22,16946.63,16952.01
2025-01-06,22:40,16952.01,16956.2,16947.16,16952.2
2025-01-06,22:45,16952.2,16958.54,16949.9,16957.11
2025-01-06,22:50,16957.11,16966.29,16955.11,16962.94
2025-01-06,22:55,16962.94,16964.94,16955.08,16960.38
2025-01-06,23:00,16960.38,16966.77,16955.52,16960.54
2025-01-06,23:05,16960.54,16964.31,16952.7,16958.17
2025-01-06,23:10,16958.17,16966.63,16954.25,16963.29
2025-01-06,23:15,16963.29,16970.09,16962.09,16965.07
2025-01-06,23:20,16965.07,16968.5,16962.3,16966.1
2025-01-06,23:25,16966.1,16978.25,16962.44,16974.17
2025-01-06,23:30,16974.17,16985.25,16971.02,16981.94
2025-01-06,23:35,16981.94,16983.61,16978.47,16981.77
2025-01-06,23:40,16981.77,16985.54,16979.76,16981.95
2025-01-06,23:45,16981.95,16982.6,16976.45,16979.39
2025-01-06,23:50,16979.39,16982.09,16971.79,16975.4
2025-01-06,23:55,16975.4,16980.6,16970.73,16974.89
2025-01-07,00:00,16974.89,16977.18,16972.7,16975.06
2025-01-07,00:05,16975.06,16975.18,16972.39,16974.61
2025-01-07,00:10,16974.61,16977.88,16972.22,16976.24
2025-01-07,00:15,16976.24,16977.38,16972.25,16973.11
2025-01-07,00:20,16973.11,16975.71,16966.04,16967.65
2025-01-07,00:25,16967.65,16970.49,16961.81,16963.29
2025-01-07,00:30,16963.29,16967.58,16959.15,16964.01
2025-01-07,00:35,16964.01,16966.62,16960,16964.2
2025-01-07,00:40,16964.2,16966.89,16960.6,16963.12
2025-01-07,00:45,16963.12,16964.06,16959.78,16961.5
2025-01-07,00:50,16961.5,16967.48,16960.44,16964.71
2025-01-07,00:55,16964.71,16967.36,16960.67,16966.99
2025-01-07,01:00,16966.99,16973.58,16964.23,16972.55
2025-01-07,01:05,16972.55,16975.3,16969.28,16972.89
2025-01-07,01:10,16972.89,16973.76,16967.5,16969.19
2025-01-07,01:15,16969.19,16972.49,16966.92,16969.99
2025-01-07,01:20,16969.99,16973.16,16965.54,16968.53
2025-01-07,01:25,16968.53,16972.29,16965.74,16967.4
2025-01-07,01:30,16967.4,16972.38,16964.35,16970.4
2025-01-07,01:35,16970.4,16975.45,16969.71,16973.01
2025-01-07,01:40,16973.01,16976.51,16968.72,16970.29
2025-01-07,01:45,16970.29,16972.77,16967.8,16970.86
2025-01-07,01:50,16970.86,16974.77,16968.41,16972.52
2025-01-07,01:55,16972.52,16977.82,16972.03,16975.55
2025-01-07,02:00,16975.55,16979.93,16974.37,16976.64
2025-01-07,02:05,16976.64,16981.23,16973.87,16975.97
2025-01-07,02:10,16975.97,16977.12,16971.42,16974.73
2025-01-07,02:15,16974.73,16981.9,16973.05,16978.82
2025-01-07,02:20,16978.82,16980.4,16975.34,16976.78
2025-01-07,02:25,16976.78,16979.47,16974.37,16977.49
2025-01-07,02:30,16977.49,16980.86,16974.31,16977.88
2025-01-07,02:35,16977.88,16981.52,16971.11,16973.46
2025-01-07,02:40,16973.46,16975.38,16966.39,16968.66
2025-01-07,02:45,16968.66,16971.61,16963.72,16967.02
2025-01-07,02:50,16967.02,16967.89,16961.66,16964.41
2025-01-07,02:55,16964.41,16965.72,16961.4,16964.76
2025-01-07,03:00,16964.76,16967.88,16962.22,16966.12
2025-01-07,03:05,16966.12,16966.55,16961.81,16964.37
2025-01-07,03:10,16964.37,16967.48,16962.56,16964.23
2025-01-07,03:15,16964.23,16967.03,16959.4,16963.2
2025-01-07,03:20,16963.2,16972.52,16960.19,16968.78
2025-01-07,03:25,16968.78,16975.63,16966.65,16973.57
2025-01-07,03:30,16973.57,16978.29,16970.81,16974.73
2025-01-07,03:35,16974.73,16977.14,16973.17,16974.01
2025-01-07,03:40,16974.01,16975.17,16971.21,16972.71
2025-01-07,03:45,16972.71,16978.24,16971.8,16974.96
2025-01-07,03:50,16974.96,16978.98,16974.18,16977.31
2025-01-07,03:55,16977.31,16979.89,16973.51,16975.4
2025-01-07,04:00,16975.4,16976.66,16972.27,16975.92
2025-01-07,04:05,16975.92,16977.32,16972.15,16973.86
2025-01-07,04:10,16973.86,16978.96,16971.31,16976.13
2025-01-07,04:15,16976.13,16977.83,16973.28,16974.56
2025-01-07,04:20,16974.56,16976.1,16971.16,16972.38
2025-01-07,04:25,16972.38,16977.49,16969.97,16973.95
2025-01-07,04:30,16973.95,16976.36,16962.85,16966.28
2025-01-07,04:35,16966.28,16972.48,16962.94,16968.79
2025-01-07,04:40,16968.79,16974.65,16968.06,16971.65
2025-01-07,04:45,16971.65,16973.78,16964.77,16967.58
2025-01-07,04:50,16967.58,16971.09,16959.14,16961.75
2025-01-07,04:55,16961.75,16965.03,16953.7,16957.97
2025-01-07,05:00,16957.97,16960.47,16955.23,16957.32
2025-01-07,05:05,16957.32,16962.5,16956.41,16960.17
2025-01-07,05:10,16960.17,16963.03,16956.3,16958.8
2025-01-07,05:15,16958.8,16963.74,16956.22,16961.94
2025-01-07,05:20,16961.94,16964.6,16956.98,16960.39
2025-01-07,05:25,16960.39,16962.75,16959.39,16961.8
2025-01-07,05:30,16961.8,16967.59,16960.4,16962.85
2025-01-07,05:35,16962.85,16965.58,16961.41,16964.98
2025-01-07,05:40,16964.98,16967.07,16960.87,16963.57
2025-01-07,05:45,16963.57,16966.47,16961.86,16964.85
2025-01-07,05:50,16964.85,16967.37,16959.42,16963.23
2025-01-07,05:55,16963.23,16966.19,16960.93,16962.81
2025-01-07,06:00,16962.81,16966.88,16955.19,16957.67
2025-01-07,06:05,16957.67,16966.75,16952.01,16964.74
2025-01-07,06:10,16964.74,16972.38,16959.86,16970.55
2025-01-07,06:15,16970.55,16973.57,16963.44,16970.08
2025-01-07,06:20,16970.08,16972.4,16964.57,16968.39
2025-01-07,06:25,16968.39,16974.71,16965.65,16969.1
2025-01-07,06:30,16969.1,16976.73,16964.45,16974.94
2025-01-07,06:35,16974.94,16976.6,16967.78,16969.53
2025-01-07,06:40,16969.53,16971.95,16965.63,16971.35
2025-01-07,06:45,16971.35,16974.11,16964.39,16964.9
2025-01-07,06:50,16964.9,16967.73,16958.68,16961.96
2025-01-07,06:55,16961.96,16965.18,16958.16,16960.59
2025-01-07,07:00,16960.59,16967.17,16950.23,16951.22
2025-01-07,07:05,16951.22,16973.18,16948.35,16966.56
2025-01-07,07:10,16966.56,16968.34,16954.45,16958.79
2025-01-07,07:15,16958.79,16968.01,16954.98,16961.88
2025-01-07,07:20,16961.88,16979.77,16958.14,16972.69
2025-01-07,07:25,16972.69,16986.02,16958.56,16961.74
2025-01-07,07:30,16961.74,16969.39,16956.12,16963.43
2025-01-07,07:35,16963.43,16974.56,16950.75,16955.03
2025-01-07,07:40,16955.03,16960.66,16934.36,16941.49
2025-01-07,07:45,16941.49,16949.56,16925.04,16932.52
2025-01-07,07:50,16932.52,16940.24,16928.35,16936.35
2025-01-07,07:55,16936.35,16942.44,16911.05,16914.65
2025-01-07,08:00,16914.65,16923.19,16905.99,16911.26
2025-01-07,08:05,16911.26,16913.99,16891.25,16901.99
2025-01-07,08:10,16901.99,16913.63,16893.34,16909.55
2025-01-07,08:15,16909.55,16921.21,16899.77,16914.74
2025-01-07,08:20,16914.74,16917,16897.38,16907.03
2025-01-07,08:25,16907.03,16910.8,16893.53,16898.68
2025-01-07,08:30,16898.68,16903.32,16891.49,16896.35
2025-01-07,08:35,16896.35,16901.75,16889.63,16896.64
2025-01-07,08:40,16896.64,16899.62,16891.74,16899.35
2025-01-07,08:45,16899.35,16907.51,16894.95,16905.53
2025-01-07,08:50,16905.53,16914.71,16897.66,16902.82
2025-01-07,08:55,16902.82,16904.15,16881.27,16891.08
2025-01-07,09:00,16891.08,16901.7,16883.32,16894.96
2025-01-07,09:05,16894.96,16907.43,16885.8,16902.52
2025-01-07,09:10,16902.52,16905.32,16877.14,16886.7
2025-01-07,09:15,16886.7,16893.78,16878.3,16883.51
2025-01-07,09:20,16883.51,16891.1,16872.86,16884.3
2025-01-07,09:25,16884.3,16910.75,16873.09,16899.3
2025-01-07,09:30,16899.3,16907.09,16893.3,16900.31
2025-01-07,09:35,16900.31,16904.92,16888.75,16899.74
2025-01-07,09:40,16899.74,16900.78,16889.88,16896.13
2025-01-07,09:45,16896.13,16899.35,16887.3,16887.4
2025-01-07,09:50,16887.4,16901.03,16880.52,16886.83
2025-01-07,09:55,16886.83,16905.11,16879.96,16898.33
2025-01-07,10:00,16898.33,16905.62,16888.62,16894.95
2025-01-07,10:05,16894.95,16899.41,16890.27,16892.97
2025-01-07,10:10,16892.97,16898.46,16878.74,16885.25
2025-01-07,10:15,16885.25,16891.75,16876.99,16880.02
2025-01-07,10:20,16880.02,16886.64,16865.11,16872.68
2025-01-07,10:25,16872.68,16876.43,16859.21,16868.44
2025-01-07,10:30,16868.44,16869.39,16862.28,16865.39
2025-01-07,10:35,16865.39,16879.49,16862.32,16875.6
2025-01-07,10:40,16875.6,16881.75,16862.86,16865.17
2025-01-07,10:45,16865.17,16867.13,16850.75,16855.71
2025-01-07,10:50,16855.71,16864.36,16853.57,16859.94
2025-01-07,10:55,16859.94,16865.23,16852.02,16864.51
2025-01-07,11:00,16864.51,16869.45,16861.5,16868.63
2025-01-07,11:05,16868.63,16876.08,16865.93,16874.49
2025-01-07,11:10,16874.49,16879.56,16871.95,16873.1
2025-01-07,11:15,16873.1,16883.29,16867.42,16875.84
2025-01-07,11:20,16875.84,16878.44,16866.18,16869.3
2025-01-07,11:25,16869.3,16876.91,16864.01,16868.96
2025-01-07,11:30,16868.96,16883.62,16864.37,16877.39
2025-01-07,11:35,16877.39,16879.82,16860.88,16867.04
2025-01-07,11:40,16867.04,16871.82,16854.85,16859.72
2025-01-07,11:45,16859.72,16870.38,16856.94,16863.27
2025-01-07,11:50,16863.27,16869.01,16853.04,16857.78
2025-01-07,11:55,16857.78,16867.42,16851.24,16863.05
2025-01-07,12:00,16863.05,16867.05,16860.1,16863.74
2025-01-07,12:05,16863.74,16868.09,16852.44,16862.58
2025-01-07,12:10,16862.58,16869.5,16859.55,16866.76
2025-01-07,12:15,16866.76,16870.18,16859.26,16867.77
2025-01-07,12:20,16867.77,16873.76,16863.38,16873.66
2025-01-07,12:25,16873.66,16880.23,16868.72,16874.67
2025-01-07,12:30,16874.67,16877.7,16864.11,16864.22
2025-01-07,12:35,16864.22,16869.9,16861.4,16865.88
2025-01-07,12:40,16865.88,16883.73,16861.59,16876
2025-01-07,12:45,16876,16876.67,16863.77,16867.24
2025-01-07,12:50,16867.24,16872,16853.92,16864.14
2025-01-07,12:55,16864.14,16869.32,16859.81,16864.39
2025-01-07,13:00,16864.39,16876.15,16859.68,16874.14
2025-01-07,13:05,16874.14,16877.54,16873.12,16876.09
2025-01-07,13:10,16876.09,16883.74,16871.55,16878.97
2025-01-07,13:15,16878.97,16881.92,16875.23,16876.91
2025-01-07,13:20,16876.91,16886.2,16872.55,16880.75
2025-01-07,13:25,16880.75,16885.29,16872.95,16877.43
2025-01-07,13:30,16877.43,16884.93,16869.21,16876.74
2025-01-07,13:35,16876.74,16908.89,16867.24,16899.09
2025-01-07,13:40,16899.09,16915.68,16888.66,16913.13
2025-01-07,13:45,16913.13,16944.6,16902.43,16932
2025-01-07,13:50,16932,16940.94,16913.55,16923.32
2025-01-07,13:55,16923.32,16929.92,16911.29,16919.5
2025-01-07,14:00,16919.5,16923.17,16904.31,16916.66
2025-01-07,14:05,16916.66,16928.25,16906.08,16915.63
2025-01-07,14:10,16915.63,16925.81,16905.62,16920.48
2025-01-07,14:15,16920.48,16935.36,16896.25,16911.56
2025-01-07,14:20,16911.56,16942.1,16904.74,16931.5
2025-01-07,14:25,16931.5,16939.91,16915.53,16923.42
2025-01-07,14:30,16923.42,16939.51,16887.3,16903.27
2025-01-07,14:35,16903.27,16919.74,16894.31,16910.08
2025-01-07,14:40,16910.08,16915.19,16900.29,16908.91
2025-01-07,14:45,16908.91,16917.18,16900.77,16912.17
2025-01-07,14:50,16912.17,16922.55,16902.7,16918.27
2025-01-07,14:55,16918.27,16931.01,16911.99,16924.3
2025-01-07,15:00,16924.3,16945.1,16916.85,16931.66
2025-01-07,15:05,16931.66,16944.2,16926.84,16935.48
2025-01-07,15:10,16935.48,16945.83,16930.71,16934.53
2025-01-07,15:15,16934.53,16943.3,16926.15,16939.59
2025-01-07,15:20,16939.59,16944.03,16930.76,16938.55
2025-01-07,15:25,16938.55,16947.04,16926.73,16941.98
2025-01-07,15:30,16941.98,16950.01,16928.92,16940.29
2025-01-07,15:35,16940.29,16951.84,16929.71,16945.82
2025-01-07,15:40,16945.82,16955.37,16937.13,16941.88
2025-01-07,15:45,16941.88,16962.18,16937.85,16954.06
2025-01-07,15:50,16954.06,16977.43,16943.21,16965.62
2025-01-07,15:55,16965.62,16978.6,16955.19,16958.9
2025-01-07,16:00,16958.9,16988.47,16946.98,16977.8
2025-01-07,16:05,16977.8,16985.44,16958.32,16965.62
2025-01-07,16:10,16965.62,16980.15,16956.95,16972.66
2025-01-07,16:15,16972.66,16987.13,16963.11,16972.68
2025-01-07,16:20,16972.68,16978.49,16957.97,16970.67
2025-01-07,16:25,16970.67,16976.7,16952.43,16959.95
2025-01-07,16:30,16959.95,16968.88,16954.12,16966.52
2025-01-07,16:35,16966.52,16971.42,16954.92,16959.52
2025-01-07,16:40,16959.52,16964.96,16955.58,16956.88
2025-01-07,16:45,16956.88,16968.64,16952.11,16961.65
2025-01-07,16:50,16961.65,16968.61,16958.53,16968.2
2025-01-07,16:55,16968.2,16974.8,16967.36,16972.17
2025-01-07,17:00,16972.17,16976.05,16967.26,16973.13
2025-01-07,17:05,16973.13,16980.26,16951.27,16957.62
2025-01-07,17:10,16957.62,16963.34,16950.43,16962.28
2025-01-07,17:15,16962.28,16979.35,16957.47,16975.83
2025-01-07,17:20,16975.83,16979.15,16968,16972.02
2025-01-07,17:25,16972.02,16977.84,16959.61,16965.55
2025-01-07,17:30,16965.55,16979.88,16958.01,16975.77
2025-01-07,17:35,16975.77,16981.06,16970.55,16980.32
2025-01-07,17:40,16980.32,16983.84,16973.29,16977.36
2025-01-07,17:45,16977.36,16980.91,16960.56,16964.21
2025-01-07,17:50,16964.21,16968.73,16951.42,16957.87
2025-01-07,17:55,16957.87,16965.52,16948.06,16954.91
2025-01-07,18:00,16954.91,16965.95,16950.38,16961.84
2025-01-07,18:05,16961.84,16966.39,16952.91,16958.5
2025-01-07,18:10,16958.5,16965.37,16952.39,16956.82
2025-01-07,18:15,16956.82,16969.4,16950.48,16963.22
2025-01-07,18:20,16963.22,16966.72,16949.52,16955.32
2025-01-07,18:25,16955.32,16960.76,16944.94,16947.95
2025-01-07,18:30,16947.95,16954.2,16941,16946.25
2025-01-07,18:35,16946.25,16952.92,16933.54,16940.29
2025-01-07,18:40,16940.29,16946.72,16937.78,16943.1
2025-01-07,18:45,16943.1,16953.97,16935.41,16939.19
2025-01-07,18:50,16939.19,16945.8,16932.83,16940.34
2025-01-07,18:55,16940.34,16951.36,16938.72,16945.77
2025-01-07,19:00,16945.77,16954.76,16937.64,16949.01
2025-01-07,19:05,16949.01,16958.37,16946.1,16952
2025-01-07,19:10,16952,16954.07,16937.31,16943.21
2025-01-07,19:15,16943.21,16944.56,16937.47,16942.42
2025-01-07,19:20,16942.42,16945.96,16936.68,16944.38
2025-01-07,19:25,16944.38,16949.33,16939.31,16944.67
2025-01-07,19:30,16944.67,16949.54,16926.35,16929.18
2025-01-07,19:35,16929.18,16932.26,16925.98,16931.63
2025-01-07,19:40,16931.63,16937.12,16920.67,16925.18
2025-01-07,19:45,16925.18,16931.68,16915.74,16919.16
2025-01-07,19:50,16919.16,16922.56,16916.64,16921.74
2025-01-07,19:55,16921.74,16930.11,16915.26,16923.67
2025-01-07,20:00,16923.67,16928.03,16914.87,16921.3
2025-01-07,20:05,16921.3,16928.97,16915.13,16927.51
2025-01-07,20:10,16927.51,16934.37,16910.12,16915.57
2025-01-07,20:15,16915.57,16919.39,16901,16908.97
2025-01-07,20:20,16908.97,16911.97,16885.72,16888
2025-01-07,20:25,16888,16890.88,16882.47,16885.5
2025-01-07,20:30,16885.5,16894.41,16873.04,16876.7
2025-01-07,20:35,16876.7,16887.26,16874.09,16881.28
2025-01-07,20:40,16881.28,16884.14,16862.92,16870.09
2025-01-07,20:45,16870.09,16875.97,16855.4,16862.13
2025-01-07,20:50,16862.13,16866.2,16845.46,16851.14
2025-01-07,20:55,16851.14,16866.37,16847.35,16862.1
2025-01-07,21:00,16862.1,16868.65,16857.07,16866.77
2025-01-07,21:05,16866.77,16872.05,16862.93,16869.8
2025-01-07,21:10,16869.8,16872.88,16861.37,16864.91
2025-01-07,21:15,16864.91,16866.72,16860.52,16861.03
2025-01-07,21:20,16861.03,16863.92,16858.99,16860.1
2025-01-07,21:25,16860.1,16865.31,16853.41,16857.8
2025-01-07,21:30,16857.8,16862.19,16855.06,16860.55
2025-01-07,21:35,16860.55,16863.77,16852.31,16855.31
2025-01-07,21:40,16855.31,16857.57,16839.83,16841.74
2025-01-07,21:45,16841.74,16847.04,16838.5,16843.27
2025-01-07,21:50,16843.27,16848.79,16842.65,16845.09
2025-01-07,21:55,16845.09,16846.64,16836.03,16839.44
2025-01-07,22:00,16839.44,16841.71,16836.52,16839.74
2025-01-07,22:05,16839.74,16845.28,16834.08,16841.12
2025-01-07,22:10,16841.12,16843.68,16835.86,16837.75
2025-01-07,22:15,16837.75,16849.71,16837.63,16845.52
2025-01-07,22:20,16845.52,16849.44,16837,16840.2
2025-01-07,22:25,16840.2,16849.22,16838.19,16847.18
2025-01-07,22:30,16847.18,16850.52,16846.82,16848.41
2025-01-07,22:35,16848.41,16851.71,16835.23,16838.49
2025-01-07,22:40,16838.49,16840.72,16835.63,16837.79
2025-01-07,22:45,16837.79,16841.23,16827.35,16830.59
2025-01-07,22:50,16830.59,16834.49,16824.5,16828.84
2025-01-07,22:55,16828.84,16831.78,16825.03,16826.88
2025-01-07,23:00,16826.88,16830.37,16820.47,16825.54
2025-01-07,23:05,16825.54,16829.58,16820.02,16823.63
2025-01-07,23:10,16823.63,16827.2,16821.05,16823.59
2025-01-07,23:15,16823.59,16831.98,16819.46,16826.96
2025-01-07,23:20,16826.96,16830.48,16826.26,16827.91
2025-01-07,23:25,16827.91,16831.01,16826.06,16828.59
2025-01-07,23:30,16828.59,16834.26,16817.16,16821.26
2025-01-07,23:35,16821.26,16824.43,16815.79,16818.28
2025-01-07,23:40,16818.28,16820.43,16812.63,16817.33
2025-01-07,23:45,16817.33,16821.31,16812.74,16815.19
2025-01-07,23:50,16815.19,16819.2,16813.74,16816.51
2025-01-07,23:55,16816.51,16822.1,16813.87,16815.53
2025-01-08,00:00,16815.53,16817.42,16811.61,16813.53
2025-01-08,00:05,16813.53,16820.1,16811.91,16816.15
2025-01-08,00:10,16816.15,16822.18,16814.65,16819.14
2025-01-08,00:15,16819.14,16821.73,16817.06,16819.04
2025-01-08,00:20,16819.04,16825.72,16817,16822.37
2025-01-08,00:25,16822.37,16827.96,16818.69,16826.64
2025-01-08,00:30,16826.64,16831.19,16822.95,16828.37
2025-01-08,00:35,16828.37,16829.83,16826.22,16827.23
2025-01-08,00:40,16827.23,16828.77,16824.02,16826.78
2025-01-08,00:45,16826.78,16828.57,16821.91,16825.77
2025-01-08,00:50,16825.77,16826.47,16823.03,16825.54
2025-01-08,00:55,16825.54,16829.52,16823.61,16826.73
2025-01-08,01:00,16826.73,16831.74,16824.89,16829.29
2025-01-08,01:05,16829.29,16832.6,16827.21,16831.44
2025-01-08,01:10,16831.44,16834.27,16825.54,16827.75
2025-01-08,01:15,16827.75,16831.19,16825.58,16830.41
2025-01-08,01:20,16830.41,16834.13,16827.47,16832.95
2025-01-08,01:25,16832.95,16840.32,16830.17,16836.96
2025-01-08,01:30,16836.96,16838.99,16835.05,16837.17
2025-01-08,01:35,16837.17,16837.7,16835.01,16837.3
2025-01-08,01:40,16837.3,16842.18,16833.7,16840.28
2025-01-08,01:45,16840.28,16840.68,16838.62,16840.11
2025-01-08,01:50,16840.11,16847.15,16838.93,16844.4
2025-01-08,01:55,16844.4,16847.94,16842.14,16845.92
2025-01-08,02:00,16845.92,16846.46,16842.49,16844.64
2025-01-08,02:05,16844.64,16850.73,16843.11,16848.76
2025-01-08,02:10,16848.76,16853.99,16847.08,16851.41
2025-01-08,02:15,16851.41,16854.14,16849.19,16851.04
2025-01-08,02:20,16851.04,16854.36,16849.86,16851.39
2025-01-08,02:25,16851.39,16855.86,16849.77,16853.98
2025-01-08,02:30,16853.98,16859.65,16852.64,16856.43
2025-01-08,02:35,16856.43,16858.18,16849.15,16852.1
2025-01-08,02:40,16852.1,16853.71,16847.32,16849.75
2025-01-08,02:45,16849.75,16854.44,16847.94,16851.67
2025-01-08,02:50,16851.67,16856.49,16848.93,16853.96
2025-01-08,02:55,16853.96,16856.35,16851.09,16852.83
2025-01-08,03:00,16852.83,16855.52,16849.52,16851.89
2025-01-08,03:05,16851.89,16858.87,16848.3,16856.71
2025-01-08,03:10,16856.71,16862.53,16853.59,16860.45
2025-01-08,03:15,16860.45,16862.95,16856.82,16858.94
2025-01-08,03:20,16858.94,16864.17,16858.29,16862.61
2025-01-08,03:25,16862.61,16864.24,16859.28,16861.53
2025-01-08,03:30,16861.53,16868.96,16858.85,16866.43
2025-01-08,03:35,16866.43,16871.66,16862.92,16868.14
2025-01-08,03:40,16868.14,16874.42,16865.12,16870.68
2025-01-08,03:45,16870.68,16873.47,16867.35,16869.98
2025-01-08,03:50,16869.98,16873.13,16866.72,16867.7
2025-01-08,03:55,16867.7,16870.39,16866.72,16867.87
2025-01-08,04:00,16867.87,16870.69,16863.68,16869.84
2025-01-08,04:05,16869.84,16872.12,16863.97,16866.66
2025-01-08,04:10,16866.66,16868.7,16863.75,16865.77
2025-01-08,04:15,16865.77,16868.92,16856.45,16858.93
2025-01-08,04:20,16858.93,16861.41,16855.11,16857.34
2025-01-08,04:25,16857.34,16861.03,16854.86,16860.41
2025-01-08,04:30,16860.41,16864.06,16858.43,16859.65
2025-01-08,04:35,16859.65,16862.78,16856.83,16858.15
2025-01-08,04:40,16858.15,16861.53,16856.21,16859.62
2025-01-08,04:45,16859.62,16861.51,16854.94,16857.32
2025-01-08,04:50,16857.32,16860.53,16851.66,16856.01
2025-01-08,04:55,16856.01,16861.36,16852.45,16861.11
2025-01-08,05:00,16861.11,16863.47,16859.47,16861.55
2025-01-08,05:05,16861.55,16865.01,16857.25,16860.56
2025-01-08,05:10,16860.56,16862.14,16858.1,16859.21
2025-01-08,05:15,16859.21,16863.41,16857.43,16861.06
2025-01-08,05:20,16861.06,16867.64,16859.72,16864.67
2025-01-08,05:25,16864.67,16867.51,16860.42,16861.76
2025-01-08,05:30,16861.76,16865.8,16858.57,16863.15
2025-01-08,05:35,16863.15,16870.96,16860.92,16867.46
2025-01-08,05:40,16867.46,16869.56,16864.43,16865.43
2025-01-08,05:45,16865.43,16869.53,16862.3,16866.03
2025-01-08,05:50,16866.03,16868.06,16863.2,16865.12
2025-01-08,05:55,16865.12,16868.09,16859.22,16859.99
2025-01-08,06:00,16859.99,16862.64,16854.55,16860.13
2025-01-08,06:05,16860.13,16871,16857.6,16866.22
2025-01-08,06:10,16866.22,16874.02,16862.9,16871.27
2025-01-08,06:15,16871.27,16874.28,16867.96,16871.56
2025-01-08,06:20,16871.56,16880.35,16868.09,16876.97
2025-01-08,06:25,16876.97,16878.75,16871.23,16875.92
2025-01-08,06:30,16875.92,16881.46,16870.26,16879.56
2025-01-08,06:35,16879.56,16888.11,16877.65,16882.89
2025-01-08,06:40,16882.89,16883.72,16875.63,16879.8
2025-01-08,06:45,16879.8,16879.99,16875.96,16879.09
2025-01-08,06:50,16879.09,16881.9,16876.92,16877.71
2025-01-08,06:55,16877.71,16889.98,16875,16884.7
2025-01-08,07:00,16884.7,16897.07,16876.36,16887.82
2025-01-08,07:05,16887.82,16895.93,16877.55,16889.15
2025-01-08,07:10,16889.15,16902.93,16883.81,16893.26
2025-01-08,07:15,16893.26,16900.72,16881.21,16890.08
2025-01-08,07:20,16890.08,16891.75,16877.94,16884.78
2025-01-08,07:25,16884.78,16892.52,16881.66,16882.37
2025-01-08,07:30,16882.37,16888.83,16873.84,16883.14
2025-01-08,07:35,16883.14,16887.01,16875.04,16879.82
2025-01-08,07:40,16879.82,16888.52,16870.73,16884.43
2025-01-08,07:45,16884.43,16898.45,16876.78,16890.9
2025-01-08,07:50,16890.9,16896.86,16881.31,16888.99
2025-01-08,07:55,16888.99,16896.13,16874.42,16878.83
2025-01-08,08:00,16878.83,16896.01,16872.72,16889.47
2025-01-08,08:05,16889.47,16897.94,16859,16866.91
2025-01-08,08:10,16866.91,16871.35,16858.09,16864.01
2025-01-08,08:15,16864.01,16874.03,16862.86,16863.37
2025-01-08,08:20,16863.37,16871.98,16861.43,16865.62
2025-01-08,08:25,16865.62,16878.3,16861.88,16875.37
2025-01-08,08:30,16875.37,16883.5,16863.29,16871.29
2025-01-08,08:35,16871.29,16887.47,16866.47,16882.66
2025-01-08,08:40,16882.66,16885.73,16877.52,16882.2
2025-01-08,08:45,16882.2,16887.7,16865.86,16874.62
2025-01-08,08:50,16874.62,16888.51,16860.46,16864.2
2025-01-08,08:55,16864.2,16873.08,16858.68,16864.63
2025-01-08,09:00,16864.63,16887.65,16861.14,16880.99
2025-01-08,09:05,16880.99,16886.4,16868.11,16875.02
2025-01-08,09:10,16875.02,16883.7,16867.16,16873.04
2025-01-08,09:15,16873.04,16885.41,16863.38,16879.99
2025-01-08,09:20,16879.99,16891.85,16879.14,16884.6
2025-01-08,09:25,16884.6,16894.78,16874.9,16876.22
2025-01-08,09:30,16876.22,16892.56,16868.01,16884.83
2025-01-08,09:35,16884.83,16891.97,16877.3,16884.97
2025-01-08,09:40,16884.97,16889.48,16878.72,16883.61
2025-01-08,09:45,16883.61,16886.64,16865.8,16871.09
2025-01-08,09:50,16871.09,16871.85,16863.77,16869.25
2025-01-08,09:55,16869.25,16876.53,16863.67,16875.45
2025-01-08,10:00,16875.45,16884.89,16869.1,16878.28
2025-01-08,10:05,16878.28,16885.67,16875.37,16881.89
2025-01-08,10:10,16881.89,16884.71,16875.17,16878.82
2025-01-08,10:15,16878.82,16889.5,16871.83,16884.4
2025-01-08,10:20,16884.4,16890.74,16878.22,16881.41
2025-01-08,10:25,16881.41,16885.88,16874.18,16880.79
2025-01-08,10:30,16880.79,16887.27,16878.72,16882.92
2025-01-08,10:35,16882.92,16888.07,16877.04,16882.03
2025-01-08,10:40,16882.03,16886.13,16876.84,16882.56
2025-01-08,10:45,16882.56,16886.34,16873.97,16875.72
2025-01-08,10:50,16875.72,16879.09,16867.72,16872.04
2025-01-08,10:55,16872.04,16873.27,16865.41,16870.08
2025-01-08,11:00,16870.08,16873.35,16867.17,16872.5
2025-01-08,11:05,16872.5,16876.23,16855.26,16859.84
2025-01-08,11:10,16859.84,16864.67,16847.51,16852.19
2025-01-08,11:15,16852.19,16860.73,16847.76,16856.42
2025-01-08,11:20,16856.42,16864.19,16849.91,16859.61
2025-01-08,11:25,16859.61,16863.6,16850.51,16856.62
2025-01-08,11:30,16856.62,16864.31,16852.55,16858.94
2025-01-08,11:35,16858.94,16864.72,16854.29,16859.92
2025-01-08,11:40,16859.92,16870.78,16856.68,16866.63
2025-01-08,11:45,16866.63,16871.19,16864.09,16868.82
2025-01-08,11:50,16868.82,16882.43,16861.88,16876.07
2025-01-08,11:55,16876.07,16882.69,16860.68,16867.39
2025-01-08,12:00,16867.39,16874.1,16850.32,16857.26
2025-01-08,12:05,16857.26,16864.07,16853.02,16858.22
2025-01-08,12:10,16858.22,16864.62,16853.66,16858.93
2025-01-08,12:15,16858.93,16869.23,16848.98,16853.9
2025-01-08,12:20,16853.9,16867.84,16848.47,16860.24
2025-01-08,12:25,16860.24,16861.43,16856.19,16860.61
2025-01-08,12:30,16860.61,16865.38,16843.41,16849.35
2025-01-08,12:35,16849.35,16852.53,16843.78,16844.68
2025-01-08,12:40,16844.68,16856.07,16842.42,16847.8
2025-01-08,12:45,16847.8,16853.83,16839.3,16850.35
2025-01-08,12:50,16850.35,16855.16,16841.87,16850.25
2025-01-08,12:55,16850.25,16867.25,16844.02,16862.6
2025-01-08,13:00,16862.6,16870.66,16858.54,16865.59
2025-01-08,13:05,16865.59,16873.64,16855.71,16859.28
2025-01-08,13:10,16859.28,16865.29,16854.55,16860.95
2025-01-08,13:15,16860.95,16864.85,16857.63,16860.63
2025-01-08,13:20,16860.63,16865.41,16848.28,16858.53
2025-01-08,13:25,16858.53,16866.54,16848.17,16854.19
2025-01-08,13:30,16854.19,16872.18,16843.89,16861.39
2025-01-08,13:35,16861.39,16884.02,16855.1,16871.43
2025-01-08,13:40,16871.43,16882.69,16853.75,16864.58
2025-01-08,13:45,16864.58,16887.45,16852.37,16870.51
2025-01-08,13:50,16870.51,16880.67,16861.97,16869.85
2025-01-08,13:55,16869.85,16890.69,16865.59,16881.57
2025-01-08,14:00,16881.57,16889.96,16874.78,16880.85
2025-01-08,14:05,16880.85,16887.65,16864.58,16868.94
2025-01-08,14:10,16868.94,16884.39,16863.41,16880.35
2025-01-08,14:15,16880.35,16892.92,16851.72,16857.1
2025-01-08,14:20,16857.1,16866.14,16844.27,16852.63
2025-01-08,14:25,16852.63,16855.62,16827.2,16835.06
2025-01-08,14:30,16835.06,16844.87,16821.42,16829.97
2025-01-08,14:35,16829.97,16842.74,16821.03,16839.85
2025-01-08,14:40,16839.85,16844.94,16831.71,16837.03
2025-01-08,14:45,16837.03,16853.59,16812.75,16826.55
2025-01-08,14:50,16826.55,16838.67,16825.06,16834
2025-01-08,14:55,16834,16848.5,16826.14,16835.59
2025-01-08,15:00,16835.59,16840.19,16830.21,16833.45
2025-01-08,15:05,16833.45,16838.68,16824.79,16829.77
2025-01-08,15:10,16829.77,16845.04,16822.49,16832.29
2025-01-08,15:15,16832.29,16841.23,16812.68,16816.74
2025-01-08,15:20,16816.74,16827.86,16804.89,16817.95
2025-01-08,15:25,16817.95,16825.31,16797.06,16806.06
2025-01-08,15:30,16806.06,16828.72,16802.91,16814.98
2025-01-08,15:35,16814.98,16826.56,16806.28,16825.11
2025-01-08,15:40,16825.11,16837.6,16802.72,16811.46
2025-01-08,15:45,16811.46,16826.19,16800.84,16816
2025-01-08,15:50,16816,16824.2,16809.44,16820.21
2025-01-08,15:55,16820.21,16835.48,16786.75,16793.46
2025-01-08,16:00,16793.46,16802.31,16767.85,16775.96
2025-01-08,16:05,16775.96,16780.93,16766.69,16772.13
2025-01-08,16:10,16772.13,16782.45,16758.58,16766.09
2025-01-08,16:15,16766.09,16782.61,16756.04,16770.27
2025-01-08,16:20,16770.27,16775.52,16762.08,16768.91
2025-01-08,16:25,16768.91,16778.04,16765.45,16771.36
2025-01-08,16:30,16771.36,16780.38,16765.79,16773.48
2025-01-08,16:35,16773.48,16778.73,16769.56,16772.48
2025-01-08,16:40,16772.48,16775.57,16769.3,16771.56
2025-01-08,16:45,16771.56,16776.88,16768.84,16773.9
2025-01-08,16:50,16773.9,16781.82,16765.84,16777.64
2025-01-08,16:55,16777.64,16784.67,16767.31,16771.72
2025-01-08,17:00,16771.72,16774.96,16769.35,16772.21
2025-01-08,17:05,16772.21,16783.44,16764.63,16780.69
2025-01-08,17:10,16780.69,16786.04,16768.5,16774.46
2025-01-08,17:15,16774.46,16779.99,16759.76,16762.29
2025-01-08,17:20,16762.29,16766.8,16748.25,16751.4
2025-01-08,17:25,16751.4,16756.55,16746.62,16750.28
2025-01-08,17:30,16750.28,16753.04,16744.39,16751.81
2025-01-08,17:35,16751.81,16768.49,16746.29,16761.89
2025-01-08,17:40,16761.89,16764.44,16754.1,16762.35
2025-01-08,17:45,16762.35,16764.81,16753.15,16760.98
2025-01-08,17:50,16760.98,16767.15,16745.7,16754.37
2025-01-08,17:55,16754.37,16760.96,16750.85,16757.01
2025-01-08,18:00,16757.01,16780.31,16752.46,16775.27
2025-01-08,18:05,16775.27,16781.56,16767.32,16773.81
2025-01-08,18:10,16773.81,16778.46,16761.38,16767.88
2025-01-08,18:15,16767.88,16777.43,16762.07,16775.44
2025-01-08,18:20,16775.44,16781.81,16772.62,16776.35
2025-01-08,18:25,16776.35,16781.69,16766.84,16769.91
2025-01-08,18:30,16769.91,16774.99,16762.77,16771.52
2025-01-08,18:35,16771.52,16782.19,16768.83,16776.81
2025-01-08,18:40,16776.81,16780.87,16768.04,16772.29
2025-01-08,18:45,16772.29,16780.28,16764.49,16770.2
2025-01-08,18:50,16770.2,16776.38,16756.35,16757.1
2025-01-08,18:55,16757.1,16769.03,16752.73,16763.44
2025-01-08,19:00,16763.44,16769.49,16759.73,16765.31
2025-01-08,19:05,16765.31,16776.02,16759.74,16772.48
2025-01-08,19:10,16772.48,16774.49,16764.31,16768.71
2025-01-08,19:15,16768.71,16774.65,16762.67,16770.85
2025-01-08,19:20,16770.85,16778.75,16764.95,16773.39
2025-01-08,19:25,16773.39,16779.76,16761.62,16766.2
2025-01-08,19:30,16766.2,16769.88,16757.37,16765.21
2025-01-08,19:35,16765.21,16782.45,16760.82,16776.61
2025-01-08,19:40,16776.61,16780.5,16768.75,16772.42
2025-01-08,19:45,16772.42,16781.14,16766.97,16777.32
2025-01-08,19:50,16777.32,16783.63,16772.94,16782.83
2025-01-08,19:55,16782.83,16789.69,16771.72,16776.96
2025-01-08,20:00,16776.96,16789.02,16772.46,16782.92
2025-01-08,20:05,16782.92,16786.79,16776.72,16782.03
2025-01-08,20:10,16782.03,16801.7,16774.85,16800.14
2025-01-08,20:15,16800.14,16806.82,16794.31,16799.12
2025-01-08,20:20,16799.12,16806.3,16798.5,16801.9
2025-01-08,20:25,16801.9,16805.19,16790.39,16796.17
2025-01-08,20:30,16796.17,16805.37,16789.22,16794.87
2025-01-08,20:35,16794.87,16801.17,16794.54,16796.62
2025-01-08,20:40,16796.62,16805.61,16784.52,16788.95
2025-01-08,20:45,16788.95,16795.74,16781.2,16786.06
2025-01-08,20:50,16786.06,16799.13,16781.5,16791
2025-01-08,20:55,16791,16795.46,16787.58,16788.87
2025-01-08,21:00,16788.87,16791.19,16780.73,16785.57
2025-01-08,21:05,16785.57,16795.03,16781.13,16790.67
2025-01-08,21:10,16790.67,16794.95,16785.93,16788.7
2025-01-08,21:15,16788.7,16799.79,16786.82,16793.67
2025-01-08,21:20,16793.67,16799.3,16790.1,16797.24
2025-01-08,21:25,16797.24,16801.77,16795.77,16799.05
2025-01-08,21:30,16799.05,16806.99,16794.96,16802.73
2025-01-08,21:35,16802.73,16805.87,16795.6,16799.26
2025-01-08,21:40,16799.26,16804.11,16795.88,16800.21
2025-01-08,21:45,16800.21,16803.38,16785.6,16792.14
2025-01-08,21:50,16792.14,16795.52,16784.15,16785.42
2025-01-08,21:55,16785.42,16792.13,16781.6,16786.62
2025-01-08,22:00,16786.62,16794.34,16784.58,16790.87
2025-01-08,22:05,16790.87,16795.32,16788.57,16792.49
2025-01-08,22:10,16792.49,16794.31,16783.95,16787.03
2025-01-08,22:15,16787.03,16792.58,16783.43,16787.49
2025-01-08,22:20,16787.49,16789.24,16779.57,16783.28
2025-01-08,22:25,16783.28,16786.99,16779.9,16785.24
2025-01-08,22:30,16785.24,16792.05,16782.54,16789.38
2025-01-08,22:35,16789.38,16795.37,16786.53,16789.89
2025-01-08,22:40,16789.89,16793.73,16785.43,16788.95
2025-01-08,22:45,16788.95,16795.49,16778.23,16783.91
2025-01-08,22:50,16783.91,16787.32,16775.78,16779.54
2025-01-08,22:55,16779.54,16781.08,16775.72,16779.87
2025-01-08,23:00,16779.87,16785.29,16774.81,16784.12
2025-01-08,23:05,16784.12,16788,16777.76,16783
2025-01-08,23:10,16783,16785.65,16778.24,16783.2
2025-01-08,23:15,16783.2,16790.82,16778.75,16788.92
2025-01-08,23:20,16788.92,16791.31,16781.25,16785.57
2025-01-08,23:25,16785.57,16790.48,16780.7,16788.14
2025-01-08,23:30,16788.14,16793.22,16782.52,16790.25
2025-01-08,23:35,16790.25,16796.26,16786.95,16790.39
2025-01-08,23:40,16790.39,16793.86,16787.64,16787.78
2025-01-08,23:45,16787.78,16788.96,16784.23,16785.52
2025-01-08,23:50,16785.52,16788.54,16779.88,16787.38
2025-01-08,23:55,16787.38,16790.91,16784.51,16786.18
2025-01-09,00:00,16786.18,16789.53,16781,16784.14
2025-01-09,00:05,16784.14,16789.61,16781.43,16787.34
2025-01-09,00:10,16787.34,16789.71,16785.96,16788.41
2025-01-09,00:15,16788.41,16791.23,16786.28,16787.37
2025-01-09,00:20,16787.37,16789.06,16782.72,16785.62
2025-01-09,00:25,16785.62,16786.85,16783.35,16784.65
2025-01-09,00:30,16784.65,16790.93,16780.65,16787.67
2025-01-09,00:35,16787.67,16791.46,16784.53,16788.51
2025-01-09,00:40,16788.51,16793.67,16787.87,16789.4
2025-01-09,00:45,16789.4,16792.35,16783.38,16786.74
2025-01-09,00:50,16786.74,16790.67,16784.22,16788.48
2025-01-09,00:55,16788.48,16790.72,16785.03,16788.34
2025-01-09,01:00,16788.34,16791.08,16781.14,16783.38
2025-01-09,01:05,16783.38,16789.15,16780.38,16786.17
2025-01-09,01:10,16786.17,16789.99,16778.12,16781.5
2025-01-09,01:15,16781.5,16787.78,16781.42,16784.91
2025-01-09,01:20,16784.91,16788.25,16780.57,16782.17
2025-01-09,01:25,16782.17,16784.21,16774.73,16777.93
2025-01-09,01:30,16777.93,16782.19,16768.86,16772.84
2025-01-09,01:35,16772.84,16773.94,16770.62,16771.31
2025-01-09,01:40,16771.31,16775.98,16769.07,16774.74
2025-01-09,01:45,16774.74,16777.45,16769.75,16773.97
2025-01-09,01:50,16773.97,16779.46,16772,16776.19
2025-01-09,01:55,16776.19,16779.45,16770.75,16772.49
2025-01-09,02:00,16772.49,16774.03,16771.23,16772.6
2025-01-09,02:05,16772.6,16778.59,16769.86,16776.54
2025-01-09,02:10,16776.54,16780.5,16769.35,16771.21
2025-01-09,02:15,16771.21,16774.02,16770.24,16770.85
2025-01-09,02:20,16770.85,16772.85,16767.86,16771.48
2025-01-09,02:25,16771.48,16774.44,16769.28,16772.61
2025-01-09,02:30,16772.61,16775.15,16770.23,16772.19
2025-01-09,02:35,16772.19,16780.85,16769.63,16779.13
2025-01-09,02:40,16779.13,16782.82,16777.34,16780.81
2025-01-09,02:45,16780.81,16785.16,16779.33,16782.44
2025-01-09,02:50,16782.44,16786.59,16779.59,16784.53
2025-01-09,02:55,16784.53,16787.34,16778.27,16779.4
2025-01-09,03:00,16779.4,16782.16,16776.42,16778.71
2025-01-09,03:05,16778.71,16780.42,16772.51,16774.76
2025-01-09,03:10,16774.76,16778.66,16769.19,16770.64
2025-01-09,03:15,16770.64,16772.33,16766.83,16769.11
2025-01-09,03:20,16769.11,16771.86,16768.28,16770.74
2025-01-09,03:25,16770.74,16773.71,16767.13,16770.49
2025-01-09,03:30,16770.49,16771.31,16769.77,16770.55
2025-01-09,03:35,16770.55,16775.12,16769.88,16772.34
2025-01-09,03:40,16772.34,16773.46,16767.05,16769.44
2025-01-09,03:45,16769.44,16775.35,16767.73,16773.7
2025-01-09,03:50,16773.7,16775.95,16770.68,16774.56
2025-01-09,03:55,16774.56,16776.56,16769.98,16771.2
2025-01-09,04:00,16771.2,16775.77,16768.03,16772.87
2025-01-09,04:05,16772.87,16775.08,16765.77,16767.37
2025-01-09,04:10,16767.37,16770.34,16762.38,16764.34
2025-01-09,04:15,16764.34,16766.02,16761.25,16765.6
2025-01-09,04:20,16765.6,16766.75,16761.68,16765.66
2025-01-09,04:25,16765.66,16766.08,16764.36,16765.41
2025-01-09,04:30,16765.41,16771.72,16763.56,16768.36
2025-01-09,04:35,16768.36,16770.96,16767.4,16768.18
2025-01-09,04:40,16768.18,16771.09,16765.57,16767.88
2025-01-09,04:45,16767.88,16768.02,16761.92,16764.46
2025-01-09,04:50,16764.46,16766.34,16761.41,16764.11
2025-01-09,04:55,16764.11,16770.31,16761.36,16768.04
2025-01-09,05:00,16768.04,16773.49,16767.47,16770.86
2025-01-09,05:05,16770.86,16778.62,16768.08,16775.93
2025-01-09,05:10,16775.93,16777.52,16772.54,16774.16
2025-01-09,05:15,16774.16,16779.09,16771.44,16775.14
2025-01-09,05:20,16775.14,16777.49,16771.23,16776.38
2025-01-09,05:25,16776.38,16782.08,16774.45,16779.63
2025-01-09,05:30,16779.63,16780.72,16775.15,16776.54
2025-01-09,05:35,16776.54,16778.68,16770.27,16772.8
2025-01-09,05:40,16772.8,16780.03,16769.71,16777.84
2025-01-09,05:45,16777.84,16781.11,16776.12,16778.9
2025-01-09,05:50,16778.9,16781.56,16772.86,16774.82
2025-01-09,05:55,16774.82,16777.59,16772.22,16773.81
2025-01-09,06:00,16773.81,16781.38,16772.11,16776.03
2025-01-09,06:05,16776.03,16783.29,16772.47,16778.02
2025-01-09,06:10,16778.02,16780.42,16766.73,16772.22
2025-01-09,06:15,16772.22,16782.91,16769.4,16780.71
2025-01-09,06:20,16780.71,16786.75,16774.73,16783.19
2025-01-09,06:25,16783.19,16784.45,16779.08,16782.17
2025-01-09,06:30,16782.17,16789.95,16777.78,16785.05
2025-01-09,06:35,16785.05,16790.84,16783.69,16787.4
2025-01-09,06:40,16787.4,16790.59,16783.67,16788.84
2025-01-09,06:45,16788.84,16797.93,16787.83,16792.73
2025-01-09,06:50,16792.73,16800.62,16792.1,16798.73
2025-01-09,06:55,16798.73,16803.7,16797.07,16800.01
2025-01-09,07:00,16800.01,16809.95,16787.54,16801.49
2025-01-09,07:05,16801.49,16801.63,16787.28,16796.66
2025-01-09,07:10,16796.66,16800.32,16787.28,16795.72
2025-01-09,07:15,16795.72,16803.25,16788.49,16796.51
2025-01-09,07:20,16796.51,16803.17,16786.87,16795.65
2025-01-09,07:25,16795.65,16802.24,16784.2,16793.25
2025-01-09,07:30,16793.25,16807.02,16790.98,16799.55
2025-01-09,07:35,16799.55,16806.34,16781.12,16788.09
2025-01-09,07:40,16788.09,16799.39,16778.72,16794.52
2025-01-09,07:45,16794.52,16805.9,16791.7,16798.17
2025-01-09,07:50,16798.17,16801.25,16784.43,16789.86
2025-01-09,07:55,16789.86,16795.34,16785.71,16789.33
2025-01-09,08:00,16789.33,16791.81,16776.67,16783.33
2025-01-09,08:05,16783.33,16786.77,16769.73,16779.99
2025-01-09,08:10,16779.99,16785.8,16770.54,16777.53
2025-01-09,08:15,16777.53,16787.64,16769.89,16778.47
2025-01-09,08:20,16778.47,16781.44,16761.96,16769.57
2025-01-09,08:25,16769.57,16789.34,16762.31,16783.69
2025-01-09,08:30,16783.69,16797.52,16776.5,16784.66
2025-01-09,08:35,16784.66,16799.57,16776.35,16794.86
2025-01-09,08:40,16794.86,16802.43,16788.4,16795.59
2025-01-09,08:45,16795.59,16813.51,16787.23,16807.85
2025-01-09,08:50,16807.85,16821.95,16797.57,16812.69
2025-01-09,08:55,16812.69,16828.65,16800.82,16826.24
2025-01-09,09:00,16826.24,16830.85,16809.62,16812.13
2025-01-09,09:05,16812.13,16815.72,16792.85,16800.08
2025-01-09,09:10,16800.08,16805.83,16787.42,16793.54
2025-01-09,09:15,16793.54,16799.32,16784.46,16793.31
2025-01-09,09:20,16793.31,16800.08,16783.91,16789.19
2025-01-09,09:25,16789.19,16796.17,16775.64,16785.52
2025-01-09,09:30,16785.52,16792.91,16777.48,16783.2
2025-01-09,09:35,16783.2,16790.5,16778.4,16785.16
2025-01-09,09:40,16785.16,16790.15,16784.85,16785.33
2025-01-09,09:45,16785.33,16791.4,16777.62,16785.25
2025-01-09,09:50,16785.25,16788.11,16777.89,16781.23
2025-01-09,09:55,16781.23,16789.74,16769.16,16771.85
2025-01-09,10:00,16771.85,16772.84,16763.06,16770.59
2025-01-09,10:05,16770.59,16774.52,16767.29,16770.11
2025-01-09,10:10,16770.11,16776.17,16753.31,16759.68
2025-01-09,10:15,16759.68,16765.16,16747.07,16751.44
2025-01-09,10:20,16751.44,16757.23,16742.3,16748.42
2025-01-09,10:25,16748.42,16760.24,16741.05,16756.18
2025-01-09,10:30,16756.18,16766.04,16751.75,16765.15
2025-01-09,10:35,16765.15,16771.54,16759.18,16764.96
2025-01-09,10:40,16764.96,16775.68,16762.13,16774.12
2025-01-09,10:45,16774.12,16776.14,16769.06,16775.73
2025-01-09,10:50,16775.73,16790.26,16772.38,16783.66
2025-01-09,10:55,16783.66,16789.83,16773.37,16778.88
2025-01-09,11:00,16778.88,16782.74,16770.86,16770.87
2025-01-09,11:05,16770.87,16777.61,16757.96,16760.5
2025-01-09,11:10,16760.5,16768.64,16757.08,16763.53
2025-01-09,11:15,16763.53,16772.13,16760.37,16767.6
2025-01-09,11:20,16767.6,16776.31,16764.34,16770.06
2025-01-09,11:25,16770.06,16771.24,16765.24,16769.65
2025-01-09,11:30,16769.65,16782.69,16764.87,16777.78
2025-01-09,11:35,16777.78,16789.1,16775.74,16785.31
2025-01-09,11:40,16785.31,16788,16774.05,16778.22
2025-01-09,11:45,16778.22,16783.44,16774.51,16778.91
2025-01-09,11:50,16778.91,16789.48,16771.63,16783.62
2025-01-09,11:55,16783.62,16791.28,16777.29,16782.08
2025-01-09,12:00,16782.08,16788.34,16776.44,16780.07
2025-01-09,12:05,16780.07,16783.62,16773.57,16779.58
2025-01-09,12:10,16779.58,16784.09,16774.53,16780.11
2025-01-09,12:15,16780.11,16787.7,16776.45,16786.04
2025-01-09,12:20,16786.04,16793.94,16780.71,16789.46
2025-01-09,12:25,16789.46,16791.71,16781.62,16785.38
2025-01-09,12:30,16785.38,16791.87,16779.1,16786.79
2025-01-09,12:35,16786.79,16789.15,16778.03,16782.55
2025-01-09,12:40,16782.55,16797.9,16774.77,16793.15
2025-01-09,12:45,16793.15,16799.88,16780.68,16787.27
2025-01-09,12:50,16787.27,16793.51,16783.64,16787.11
2025-01-09,12:55,16787.11,16794.94,16783.12,16787.11
2025-01-09,13:00,16787.11,16790.41,16782.24,16787.37
2025-01-09,13:05,16787.37,16792.99,16780.33,16783.36
2025-01-09,13:10,16783.36,16788.43,16780.85,16784.48
2025-01-09,13:15,16784.48,16789.39,16780.96,16784.52
2025-01-09,13:20,16784.52,16789.68,16770.84,16776.04
2025-01-09,13:25,16776.04,16780.59,16767.94,16772.59
2025-01-09,13:30,16772.59,16784.17,16767.12,16775.28
2025-01-09,13:35,16775.28,16793.21,16765.04,16786.94
2025-01-09,13:40,16786.94,16790.44,16772.26,16786.41
2025-01-09,13:45,16786.41,16796.06,16774.4,16789.38
2025-01-09,13:50,16789.38,16799.86,16779.78,16789.72
2025-01-09,13:55,16789.72,16805.85,16778.26,16796.48
2025-01-09,14:00,16796.48,16803.11,16790.91,16795.98
2025-01-09,14:05,16795.98,16812.98,16789.12,16800.02
2025-01-09,14:10,16800.02,16818.99,16791.8,16811.39
2025-01-09,14:15,16811.39,16815.94,16792.57,16804.47
2025-01-09,14:20,16804.47,16808.13,16795.29,16803.7
2025-01-09,14:25,16803.7,16808.59,16780.33,16792.2
2025-01-09,14:30,16792.2,16813.72,16782.11,16807.65
2025-01-09,14:35,16807.65,16819.55,16798.97,16812.82
2025-01-09,14:40,16812.82,16823.33,16804.62,16816.17
2025-01-09,14:45,16816.17,16824.89,16800.96,16811.05
2025-01-09,14:50,16811.05,16814.91,16786.84,16790.53
2025-01-09,14:55,16790.53,16823.46,16782.11,16814.79
2025-01-09,15:00,16814.79,16822.17,16787.67,16790.51
2025-01-09,15:05,16790.51,16796.82,16776.27,16785.45
2025-01-09,15:10,16785.45,16804.48,16776.13,16796.49
2025-01-09,15:15,16796.49,16807.71,16786.9,16792.03
2025-01-09,15:20,16792.03,16810.1,16780.58,16801.61
2025-01-09,15:25,16801.61,16823.29,16793.8,16815.29
2025-01-09,15:30,16815.29,16821.2,16791.01,16800.69
2025-01-09,15:35,16800.69,16833.26,16791.56,16819.15
2025-01-09,15:40,16819.15,16826.51,16797.17,16806.08
2025-01-09,15:45,16806.08,16816.79,16801.38,16806.68
2025-01-09,15:50,16806.68,16818.65,16784.74,16789.08
2025-01-09,15:55,16789.08,16803.97,16777.73,16796.71
2025-01-09,16:00,16796.71,16828.22,16788.19,16817.75
2025-01-09,16:05,16817.75,16828.55,16800.79,16815.71
2025-01-09,16:10,16815.71,16825.78,16793.26,16804.95
2025-01-09,16:15,16804.95,16809.5,16788.16,16798.11
2025-01-09,16:20,16798.11,16802.21,16780.5,16790.86
2025-01-09,16:25,16790.86,16804.68,16776.23,16797.22
2025-01-09,16:30,16797.22,16801.45,16789.55,16793.78
2025-01-09,16:35,16793.78,16801.06,16792.1,16794.26
2025-01-09,16:40,16794.26,16809.43,16791.15,16803.09
2025-01-09,16:45,16803.09,16804.57,16790.84,16798.02
2025-01-09,16:50,16798.02,16799.85,16789.87,16793.88
2025-01-09,16:55,16793.88,16807.89,16788.84,16804.04
2025-01-09,17:00,16804.04,16812.4,16803.75,16807.97
2025-01-09,17:05,16807.97,16815.38,16803.35,16811.48
2025-01-09,17:10,16811.48,16813.21,16800.32,16806.16
2025-01-09,17:15,16806.16,16813.58,16800.25,16807.17
2025-01-09,17:20,16807.17,16813.19,16794.68,16801.93
2025-01-09,17:25,16801.93,16813.08,16799.15,16809.26
2025-01-09,17:30,16809.26,16814.56,16801.38,16805.79
2025-01-09,17:35,16805.79,16809.48,16803.04,16804.16
2025-01-09,17:40,16804.16,16806.16,16801.23,16805.33
2025-01-09,17:45,16805.33,16805.78,16794.93,16800.92
2025-01-09,17:50,16800.92,16807.25,16793.39,16799.43
2025-01-09,17:55,16799.43,16807.89,16795.81,16806.56
2025-01-09,18:00,16806.56,16818.95,16802.02,16813.91
2025-01-09,18:05,16813.91,16819.29,16807.61,16814.4
2025-01-09,18:10,16814.4,16823.53,16809.91,16818.69
2025-01-09,18:15,16818.69,16824.59,16810.2,16819.82
2025-01-09,18:20,16819.82,16827.69,16816.32,16823.11
2025-01-09,18:25,16823.11,16829.88,16817.21,16820.4
2025-01-09,18:30,16820.4,16827.81,16815.12,16822.71
2025-01-09,18:35,16822.71,16825.23,16811.56,16816.06
2025-01-09,18:40,16816.06,16818.96,16811.83,16815.27
2025-01-09,18:45,16815.27,16825.79,16809.32,16822.15
2025-01-09,18:50,16822.15,16825.01,16815.51,16820
2025-01-09,18:55,16820,16824.28,16812.88,16823.09
2025-01-09,19:00,16823.09,16834.29,16817.05,16826.42
2025-01-09,19:05,16826.42,16832.39,16823.02,16826.67
2025-01-09,19:10,16826.67,16835,16822.74,16829.15
2025-01-09,19:15,16829.15,16832.79,16821.44,16826.12
2025-01-09,19:20,16826.12,16830.22,16808.52,16816.63
2025-01-09,19:25,16816.63,16823.98,16813.89,16817.47
2025-01-09,19:30,16817.47,16819.28,16802.39,16807.7
2025-01-09,19:35,16807.7,16811.11,16799.57,16805.2
2025-01-09,19:40,16805.2,16807.54,16801.51,16806.64
2025-01-09,19:45,16806.64,16811.06,16803.18,16808
2025-01-09,19:50,16808,16821.46,16802.64,16815.67
2025-01-09,19:55,16815.67,16820.37,16803.48,16812.19
2025-01-09,20:00,16812.19,16817.32,16801.65,16808.27
2025-01-09,20:05,16808.27,16812.8,16798.31,16802.57
2025-01-09,20:10,16802.57,16806.79,16795.89,16802.97
2025-01-09,20:15,16802.97,16807.94,16794.3,16798.37
2025-01-09,20:20,16798.37,16805.34,16791.52,16795.48
2025-01-09,20:25,16795.48,16801.93,16781.72,16790.92
2025-01-09,20:30,16790.92,16795.05,16786.88,16788.81
2025-01-09,20:35,16788.81,16794.18,16779.11,16788.48
2025-01-09,20:40,16788.48,16799.58,16784.98,16793.08
2025-01-09,20:45,16793.08,16808.4,16787.99,16802.14
2025-01-09,20:50,16802.14,16813.15,16792.85,16807.27
2025-01-09,20:55,16807.27,16817.29,16802.34,16811.94
2025-01-09,21:00,16811.94,16816.65,16807.85,16813.12
2025-01-09,21:05,16813.12,16816.78,16808.82,16814.32
2025-01-09,21:10,16814.32,16818.09,16807.11,16811.06
2025-01-09,21:15,16811.06,16816.1,16808,16813.02
2025-01-09,21:20,16813.02,16821.04,16812.77,16819.75
2025-01-09,21:25,16819.75,16822.25,16816.1,16817.13
2025-01-09,21:30,16817.13,16819.6,16812.51,16816.93
2025-01-09,21:35,16816.93,16827.48,16814.29,16822.68
2025-01-09,21:40,16822.68,16827.45,16818.56,16822.55
2025-01-09,21:45,16822.55,16826.94,16818.27,16824.72
2025-01-09,21:50,16824.72,16828.68,16822.41,16823.34
2025-01-09,21:55,16823.34,16828.59,16817.77,16826.78
2025-01-09,22:00,16826.78,16828.12,16815.7,16820.09
2025-01-09,22:05,16820.09,16825.51,16817.02,16824.42
2025-01-09,22:10,16824.42,16828.55,16819.12,16821.83
2025-01-09,22:15,16821.83,16829.38,16820.31,16823.14
2025-01-09,22:20,16823.14,16829.97,16819.83,16828.3
2025-01-09,22:25,16828.3,16833.27,16825.42,16832.44
2025-01-09,22:30,16832.44,16835.89,16830,16833.68
2025-01-09,22:35,16833.68,16837.46,16831.71,16834.89
2025-01-09,22:40,16834.89,16838.58,16830.18,16836.54
2025-01-09,22:45,16836.54,16840.87,16831.2,16838.2
2025-01-09,22:50,16838.2,16839.58,16829.81,16835.71
2025-01-09,22:55,16835.71,16838.45,16829.68,16831.58
2025-01-09,23:00,16831.58,16833.73,16828.09,16833.3
2025-01-09,23:05,16833.3,16837.24,16830.25,16833.4
2025-01-09,23:10,16833.4,16836.57,16829.73,16834.33
2025-01-09,23:15,16834.33,16836.6,16832.47,16834.29
2025-01-09,23:20,16834.29,16837.7,16831.82,16837.61
2025-01-09,23:25,16837.61,16843.51,16832.57,16841.28
2025-01-09,23:30,16841.28,16847.12,16835.72,16838.33
2025-01-09,23:35,16838.33,16840.15,16830.44,16832.04
2025-01-09,23:40,16832.04,16836.69,16822.31,16825.03
2025-01-09,23:45,16825.03,16829.24,16817.4,16822.69
2025-01-09,23:50,16822.69,16834.48,16817.66,16829.09
2025-01-09,23:55,16829.09,16833.21,16820.78,16823.42
2025-01-10,00:00,16823.42,16825.39,16816.09,16818.55
2025-01-10,00:05,16818.55,16823.45,16816.09,16819.61
2025-01-10,00:10,16819.61,16826.56,16818.25,16826.37
2025-01-10,00:15,16826.37,16826.42,16822.53,16825.02
2025-01-10,00:20,16825.02,16828.66,16820.4,16823.12
2025-01-10,00:25,16823.12,16825.36,16815.46,16819.23
2025-01-10,00:30,16819.23,16825.33,16816.82,16823.09
2025-01-10,00:35,16823.09,16827.93,16820.73,16826.35
2025-01-10,00:40,16826.35,16830.29,16820.21,16822.51
2025-01-10,00:45,16822.51,16824.72,16812.57,16816.79
2025-01-10,00:50,16816.79,16818.88,16808.84,16810.57
2025-01-10,00:55,16810.57,16811.51,16806.34,16807.4
2025-01-10,01:00,16807.4,16810.57,16806.19,16807.54
2025-01-10,01:05,16807.54,16809.87,16803.47,16806.6
2025-01-10,01:10,16806.6,16807.25,16803.6,16805.9
2025-01-10,01:15,16805.9,16808.08,16803.88,16804.43
2025-01-10,01:20,16804.43,16809.27,16802.49,16805.79
2025-01-10,01:25,16805.79,16806.53,16803.03,16805.01
2025-01-10,01:30,16805.01,16808.18,16801.78,16806.09
2025-01-10,01:35,16806.09,16809.68,16803.42,16807.25
2025-01-10,01:40,16807.25,16812.54,16807.2,16809.45
2025-01-10,01:45,16809.45,16813.12,16804.98,16807.24
2025-01-10,01:50,16807.24,16812.1,16805.61,16809.01
2025-01-10,01:55,16809.01,16813.11,16806.22,16810.28
2025-01-10,02:00,16810.28,16813.58,16806.49,16809.18
2025-01-10,02:05,16809.18,16812.39,16802.31,16802.42
2025-01-10,02:10,16802.42,16804.78,16799.04,16800.82
2025-01-10,02:15,16800.82,16804.15,16799.35,16801.58
2025-01-10,02:20,16801.58,16804.34,16798.22,16799.65
2025-01-10,02:25,16799.65,16800.98,16795.48,16798.85
2025-01-10,02:30,16798.85,16801.04,16795.61,16798.78
2025-01-10,02:35,16798.78,16802.11,16793.47,16796.58
2025-01-10,02:40,16796.58,16799.16,16793.76,16794.64
2025-01-10,02:45,16794.64,16794.78,16791.39,16794.2
2025-01-10,02:50,16794.2,16798.2,16793.2,16797.35
2025-01-10,02:55,16797.35,16801.58,16792.64,16793.93
2025-01-10,03:00,16793.93,16797.37,16790.28,16794.69
2025-01-10,03:05,16794.69,16799.69,16793.59,16797.31
2025-01-10,03:10,16797.31,16801.12,16792.07,16793.6
2025-01-10,03:15,16793.6,16799.02,16792.23,16797.38
2025-01-10,03:20,16797.38,16800.49,16792.22,16794.63
2025-01-10,03:25,16794.63,16797.58,16792.06,16792.89
2025-01-10,03:30,16792.89,16794.94,16789.53,16790.87
2025-01-10,03:35,16790.87,16796.82,16787.99,16793.31
2025-01-10,03:40,16793.31,16801.07,16790.64,16798.18
2025-01-10,03:45,16798.18,16802.88,16796.1,16800.37
2025-01-10,03:50,16800.37,16807.22,16800.23,16806.25
2025-01-10,03:55,16806.25,16815.21,16804.6,16811.78
2025-01-10,04:00,16811.78,16812.14,16809.87,16811.84
2025-01-10,04:05,16811.84,16816.31,16811.8,16815.24
2025-01-10,04:10,16815.24,16818.61,16812.85,16816.29
2025-01-10,04:15,16816.29,16817.2,16812.71,16815.39
2025-01-10,04:20,16815.39,16820.58,16814.36,16817.12
2025-01-10,04:25,16817.12,16821.45,16810.9,16812.25
2025-01-10,04:30,16812.25,16815.27,16806.87,16812.32
2025-01-10,04:35,16812.32,16813.98,16809.47,16811.95
2025-01-10,04:40,16811.95,16815.48,16805.98,16809.34
2025-01-10,04:45,16809.34,16811.35,16808.5,16809.13
2025-01-10,04:50,16809.13,16810.88,16803.28,16806.5
2025-01-10,04:55,16806.5,16809.58,16801.07,16805.13
2025-01-10,05:00,16805.13,16809.91,16802.51,16808.31
2025-01-10,05:05,16808.31,16811.55,16801.21,16805.21
2025-01-10,05:10,16805.21,16807.14,16801.22,16806.05
2025-01-10,05:15,16806.05,16809.04,16801.75,16802.56
2025-01-10,05:20,16802.56,16806.15,16792.27,16796.68
2025-01-10,05:25,16796.68,16798.35,16793.25,16794.94
2025-01-10,05:30,16794.94,16800.36,16792.27,16799.11
2025-01-10,05:35,16799.11,16805.61,16797.56,16803.46
2025-01-10,05:40,16803.46,16807.04,16799.96,16803.25
2025-01-10,05:45,16803.25,16805.55,16798.49,16801.09
2025-01-10,05:50,16801.09,16806.98,16797.87,16805.44
2025-01-10,05:55,16805.44,16806.73,16798.7,16800.05
2025-01-10,06:00,16800.05,16804.65,16796.74,16801.69
2025-01-10,06:05,16801.69,16805.57,16797.21,16801.45
2025-01-10,06:10,16801.45,16803.58,16798.13,16801.08
2025-01-10,06:15,16801.08,16809.12,16798.05,16804.98
2025-01-10,06:20,16804.98,16807.25,16802.2,16803.24
2025-01-10,06:25,16803.24,16817.97,16801.67,16816.49
2025-01-10,06:30,16816.49,16820,16815.98,16819
2025-01-10,06:35,16819,16824.19,16808.61,16811.12
2025-01-10,06:40,16811.12,16813.62,16808.12,16811.2
2025-01-10,06:45,16811.2,16819.34,16808.04,16816.27
2025-01-10,06:50,16816.27,16818.44,16810.62,16813.83
2025-01-10,06:55,16813.83,16821.92,16808.29,16818.39
2025-01-10,07:00,16818.39,16826.09,16815.06,16820.15
2025-01-10,07:05,16820.15,16822.11,16814.92,16817.72
2025-01-10,07:10,16817.72,16827.33,16810.76,16819.54
2025-01-10,07:15,16819.54,16832.76,16814,16823.33
2025-01-10,07:20,16823.33,16836.69,16816.46,16831.64
2025-01-10,07:25,16831.64,16841.94,16822.03,16836.57
2025-01-10,07:30,16836.57,16855.72,16832.52,16850.19
2025-01-10,07:35,16850.19,16859.61,16838.74,16855.61
2025-01-10,07:40,16855.61,16862.29,16849.28,16859.87
2025-01-10,07:45,16859.87,16867.46,16832.94,16845.5
2025-01-10,07:50,16845.5,16862.08,16841.79,16852.09
2025-01-10,07:55,16852.09,16862.08,16848.9,16854.36
2025-01-10,08:00,16854.36,16863.42,16851.7,16853.63
2025-01-10,08:05,16853.63,16859.14,16841.31,16849.73
2025-01-10,08:10,16849.73,16876.18,16840.98,16871.76
2025-01-10,08:15,16871.76,16885.44,16867.68,16879.61
2025-01-10,08:20,16879.61,16891.81,16871.58,16885.07
2025-01-10,08:25,16885.07,16888.85,16867.69,16878.13
2025-01-10,08:30,16878.13,16889.74,16861.52,16865.59
2025-01-10,08:35,16865.59,16876.7,16861.63,16873.47
2025-01-10,08:40,16873.47,16886.89,16860.38,16867.05
2025-01-10,08:45,16867.05,16874.78,16862.45,16868.23
2025-01-10,08:50,16868.23,16874.56,16855.81,16864.37
2025-01-10,08:55,16864.37,16864.91,16846.56,16857.17
2025-01-10,09:00,16857.17,16863.45,16847.96,16857.21
2025-01-10,09:05,16857.21,16870.09,16851.15,16864.16
2025-01-10,09:10,16864.16,16873.61,16847.43,16849.41
2025-01-10,09:15,16849.41,16861.47,16840.73,16854.92
2025-01-10,09:20,16854.92,16880.23,16849.15,16869.96
2025-01-10,09:25,16869.96,16876.12,16853.88,16863.07
2025-01-10,09:30,16863.07,16868.48,16852.03,16862.25
2025-01-10,09:35,16862.25,16881.95,16856.05,16872.58
2025-01-10,09:40,16872.58,16882.09,16850.01,16864.98
2025-01-10,09:45,16864.98,16882.53,16859.53,16876.29
2025-01-10,09:50,16876.29,16879.19,16872.32,16874.92
2025-01-10,09:55,16874.92,16882.87,16867.65,16874.92
2025-01-10,10:00,16874.92,16877.49,16861.05,16866.67
2025-01-10,10:05,16866.67,16869.96,16858.17,16860.51
2025-01-10,10:10,16860.51,16867,16857.36,16862.54
2025-01-10,10:15,16862.54,16865.82,16857.5,16862.85
2025-01-10,10:20,16862.85,16873.83,16859.77,16868.22
2025-01-10,10:25,16868.22,16871.76,16865.58,16868.72
2025-01-10,10:30,16868.72,16873.79,16855.91,16862.63
2025-01-10,10:35,16862.63,16868.69,16856.73,16863.63
2025-01-10,10:40,16863.63,16876.38,16860.7,16870.5
2025-01-10,10:45,16870.5,16874.55,16853.3,16857.74
2025-01-10,10:50,16857.74,16863.74,16849.26,16856.2
2025-01-10,10:55,16856.2,16861.1,16847.98,16853.32
2025-01-10,11:00,16853.32,16860.12,16847.43,16858
2025-01-10,11:05,16858,16869.43,16854.06,16864.21
2025-01-10,11:10,16864.21,16865.56,16860.67,16863.9
2025-01-10,11:15,16863.9,16866.5,16857.21,16861.16
2025-01-10,11:20,16861.16,16865.94,16856.43,16861.63
2025-01-10,11:25,16861.63,16867.65,16859.58,16862.47
2025-01-10,11:30,16862.47,16868.17,16856.6,16860.35
2025-01-10,11:35,16860.35,16866.47,16850.23,16853.61
2025-01-10,11:40,16853.61,16865.33,16844.89,16859.9
2025-01-10,11:45,16859.9,16870.97,16856.76,16865.23
2025-01-10,11:50,16865.23,16867.66,16857.21,16862.19
2025-01-10,11:55,16862.19,16874.46,16858.84,16871.49
2025-01-10,12:00,16871.49,16875.99,16865.46,16868.69
2025-01-10,12:05,16868.69,16870.61,16848.14,16855.47
2025-01-10,12:10,16855.47,16859.87,16851.35,16856.36
2025-01-10,12:15,16856.36,16859.22,16846.07,16848.76
2025-01-10,12:20,16848.76,16855.42,16839.48,16842.98
2025-01-10,12:25,16842.98,16847.44,16835.58,16842.58
2025-01-10,12:30,16842.58,16850.11,16835.99,16847.77
2025-01-10,12:35,16847.77,16851.24,16844.92,16847.22
2025-01-10,12:40,16847.22,16853.26,16845.2,16848.85
2025-01-10,12:45,16848.85,16858.03,16841.61,16853.67
2025-01-10,12:50,16853.67,16861,16846.55,16858.52
2025-01-10,12:55,16858.52,16868.84,16853.35,16865.24
2025-01-10,13:00,16865.24,16869.83,16857.48,16860.27
2025-01-10,13:05,16860.27,16863.95,16852.93,16856.94
2025-01-10,13:10,16856.94,16861.29,16847.43,16851.2
2025-01-10,13:15,16851.2,16855.29,16842.07,16846.85
2025-01-10,13:20,16846.85,16850.23,16842.42,16848.11
2025-01-10,13:25,16848.11,16852.38,16838.85,16842.76
2025-01-10,13:30,16842.76,16844.51,16835.62,16837.98
2025-01-10,13:35,16837.98,16852.22,16831.86,16840.48
2025-01-10,13:40,16840.48,16853.01,16822.05,16829.8
2025-01-10,13:45,16829.8,16845.64,16824.77,16831.54
2025-01-10,13:50,16831.54,16835.5,16813.52,16821.34
2025-01-10,13:55,16821.34,16830.03,16807.5,16819.65
2025-01-10,14:00,16819.65,16819.65,16798.22,16807.07
2025-01-10,14:05,16807.07,16816.5,16794.91,16804.53
2025-01-10,14:10,16804.53,16812.79,16787.4,16794.9
2025-01-10,14:15,16794.9,16795.67,16777.72,16789.82
2025-01-10,14:20,16789.82,16799.18,16775.76,16780.05
2025-01-10,14:25,16780.05,16792.24,16773.58,16782.37
2025-01-10,14:30,16782.37,16793.2,16769.98,16787.71
2025-01-10,14:35,16787.71,16796.72,16773.3,16781.78
2025-01-10,14:40,16781.78,16810.67,16777.05,16797.52
2025-01-10,14:45,16797.52,16804.01,16779.66,16791.11
2025-01-10,14:50,16791.11,16799.47,16786.06,16789.96
2025-01-10,14:55,16789.96,16802.54,16775.98,16782.38
2025-01-10,15:00,16782.38,16805.84,16776.62,16797.17
2025-01-10,15:05,16797.17,16817.71,16787.02,16803.16
2025-01-10,15:10,16803.16,16808.81,16784.3,16791.88
2025-01-10,15:15,16791.88,16804.36,16780.61,16785.26
2025-01-10,15:20,16785.26,16799.85,16778.63,16790.17
2025-01-10,15:25,16790.17,16803.89,16760.38,16776.03
2025-01-10,15:30,16776.03,16792.05,16767.84,16777.16
2025-01-10,15:35,16777.16,16785.84,16765.28,16775.11
2025-01-10,15:40,16775.11,16789.12,16770.75,16772.98
2025-01-10,15:45,16772.98,16791.3,16764.3,16782.15
2025-01-10,15:50,16782.15,16786.83,16777.46,16785.45
2025-01-10,15:55,16785.45,16793.28,16777.82,16786.85
2025-01-10,16:00,16786.85,16798.88,16746.21,16757.49
2025-01-10,16:05,16757.49,16765.82,16748.22,16757.6
2025-01-10,16:10,16757.6,16768.33,16745.22,16750.33
2025-01-10,16:15,16750.33,16754.3,16736.59,16746.71
2025-01-10,16:20,16746.71,16754.44,16731.86,16735.04
2025-01-10,16:25,16735.04,16755.11,16729.02,16740.17
2025-01-10,16:30,16740.17,16743.18,16729.74,16734.35
2025-01-10,16:35,16734.35,16744.11,16727.24,16739.87
2025-01-10,16:40,16739.87,16744.3,16731.74,16734.62
2025-01-10,16:45,16734.62,16741.27,16724.6,16731.31
2025-01-10,16:50,16731.31,16736.83,16725.21,16728.39
2025-01-10,16:55,16728.39,16733.9,16717.41,16722.61
2025-01-10,17:00,16722.61,16728.46,16709.3,16711.69
2025-01-10,17:05,16711.69,16720.92,16703.81,16715.85
2025-01-10,17:10,16715.85,16718.45,16709.26,16712.69
2025-01-10,17:15,16712.69,16724.2,16708.45,16716.72
2025-01-10,17:20,16716.72,16720.62,16710.92,16714.74
2025-01-10,17:25,16714.74,16719.43,16705.83,16709.56
2025-01-10,17:30,16709.56,16714.66,16695.33,16701.33
2025-01-10,17:35,16701.33,16703.75,16696,16698.09
2025-01-10,17:40,16698.09,16702.24,16693.2,16694.3
2025-01-10,17:45,16694.3,16697.67,16681.87,16685.17
2025-01-10,17:50,16685.17,16700.23,16680.94,16696.17
2025-01-10,17:55,16696.17,16700.62,16685.09,16695.03
2025-01-10,18:00,16695.03,16698.19,16688.89,16694.43
2025-01-10,18:05,16694.43,16700.46,16685.24,16697.91
2025-01-10,18:10,16697.91,16704.17,16683.65,16687.47
2025-01-10,18:15,16687.47,16693.88,16681.13,16690.16
2025-01-10,18:20,16690.16,16700.7,16684.62,16695.59
2025-01-10,18:25,16695.59,16699.64,16687.76,16693.5
2025-01-10,18:30,16693.5,16702.94,16682.84,16691.15
2025-01-10,18:35,16691.15,16702.34,16685.87,16697.68
2025-01-10,18:40,16697.68,16710.65,16693.05,16707.56
2025-01-10,18:45,16707.56,16726.51,16705.5,16719.11
2025-01-10,18:50,16719.11,16725.27,16715.04,16721.36
2025-01-10,18:55,16721.36,16725.48,16714.83,16722.94
2025-01-10,19:00,16722.94,16731.14,16715.53,16721.1
2025-01-10,19:05,16721.1,16723.92,16714.11,16719.15
2025-01-10,19:10,16719.15,16728.99,16716.82,16724.76
2025-01-10,19:15,16724.76,16740.14,16720.09,16734.76
2025-01-10,19:20,16734.76,16740.69,16729.46,16732.3
2025-01-10,19:25,16732.3,16735.3,16725.45,16729.05
2025-01-10,19:30,16729.05,16738.7,16727.94,16735.06
2025-01-10,19:35,16735.06,16746.23,16732.58,16738.25
2025-01-10,19:40,16738.25,16748.09,16735.04,16742.35
2025-01-10,19:45,16742.35,16749.08,16731.56,16736.81
2025-01-10,19:50,16736.81,16752.5,16732.11,16747.66
2025-01-10,19:55,16747.66,16751.54,16736.02,16740.06
2025-01-10,20:00,16740.06,16744.09,16732.86,16741.01
2025-01-10,20:05,16741.01,16742.34,16734.4,16736.3
2025-01-10,20:10,16736.3,16744.52,16729.76,16740.12
2025-01-10,20:15,16740.12,16744.85,16731.26,16736.82
2025-01-10,20:20,16736.82,16742.39,16728.39,16734.32
2025-01-10,20:25,16734.32,16743.95,16731.72,16736.93
2025-01-10,20:30,16736.93,16741.64,16715.99,16725.61
2025-01-10,20:35,16725.61,16731.6,16720.51,16726.24
2025-01-10,20:40,16726.24,16730.69,16717.1,16722.25
2025-01-10,20:45,16722.25,16725.55,16719.64,16721.72
2025-01-10,20:50,16721.72,16728.25,16709.5,16717.07
2025-01-10,20:55,16717.07,16720.74,16714.35,16715.91
2025-01-10,21:00,16715.91,16726.94,16712.4,16722.15
2025-01-10,21:05,16722.15,16726.05,16718.96,16722.26
2025-01-10,21:10,16722.26,16725.53,16716.6,16719.32
2025-01-10,21:15,16719.32,16724.3,16711.45,16714.53
2025-01-10,21:20,16714.53,16718.08,16711.65,16714.7
2025-01-10,21:25,16714.7,16715.6,16708.35,16712.51
2025-01-10,21:30,16712.51,16722.88,16712.06,16719.14
2025-01-10,21:35,16719.14,16723.1,16710.26,16716.51
2025-01-10,21:40,16716.51,16719.6,16711.29,16712.28
2025-01-10,21:45,16712.28,16716.37,16708.46,16714.56
2025-01-10,21:50,16714.56,16720.1,16712.31,16717.8
2025-01-10,21:55,16717.8,16721.44,16709.54,16712.79
2025-01-10,22:00,16712.79,16716.7,16711.55,16713.93
2025-01-10,22:05,16713.93,16717.81,16712.11,16714.64
2025-01-10,22:10,16714.64,16719.07,16710.64,16717.19
2025-01-10,22:15,16717.19,16718.19,16711.98,16715.75
2025-01-10,22:20,16715.75,16717.24,16707.87,16712.57
2025-01-10,22:25,16712.57,16717.45,16707.35,16710.17
2025-01-10,22:30,16710.17,16712.36,16705.14,16708.64
2025-01-10,22:35,16708.64,16711.12,16696.82,16701.72
2025-01-10,22:40,16701.72,16714.87,16696.3,16710.31
2025-01-10,22:45,16710.31,16714.16,16706.75,16708.65
2025-01-10,22:50,16708.65,16712.21,16704.9,16706.93
2025-01-10,22:55,16706.93,16713.74,16704.66,16710.82
2025-01-10,23:00,16710.82,16717.28,16709.23,16714.32
2025-01-10,23:05,16714.32,16718.98,16706.02,16709.1
2025-01-10,23:10,16709.1,16716.95,16705.24,16713.35
2025-01-10,23:15,16713.35,16717.42,16704,16707.07
2025-01-10,23:20,16707.07,16710.09,16696.96,16702.93
2025-01-10,23:25,16702.93,16708.34,16700.05,16703.35
2025-01-10,23:30,16703.35,16707.62,16692.44,16695.03
2025-01-10,23:35,16695.03,16697.74,16690.91,16694.71
2025-01-10,23:40,16694.71,16700.02,16688.18,16692.73
2025-01-10,23:45,16692.73,16700.27,16688.73,16695.94
2025-01-10,23:50,16695.94,16700.03,16691.96,16696.26
2025-01-10,23:55,16696.26,16699.38,16690.31,16694.14