Date,Symbol,Open,High,Low,Close
03/16/2026 03:59 AM,NQH26,"24,508.00","24,508.00","24,506.00","24,507.25"
03/16/2026 03:58 AM,NQH26,"24,514.25","24,515.25","24,506.25","24,509.00"
03/16/2026 03:57 AM,NQH26,"24,515.00","24,518.50","24,515.00","24,515.50"
03/16/2026 03:56 AM,NQH26,"24,518.50","24,520.00","24,516.00","24,516.00"
03/16/2026 03:55 AM,NQH26,"24,524.00","24,524.00","24,515.00","24,517.00"
03/16/2026 03:54 AM,NQH26,"24,518.50","24,525.00","24,518.50","24,523.50"
03/16/2026 03:53 AM,NQH26,"24,524.25","24,532.50","24,519.75","24,519.75"
03/16/2026 03:52 AM,NQH26,"24,512.00","24,524.50","24,512.00","24,523.25"
03/16/2026 03:51 AM,NQH26,"24,508.00","24,513.00","24,507.25","24,511.00"
03/16/2026 03:50 AM,NQH26,"24,512.50","24,513.25","24,506.00","24,508.25"
03/16/2026 03:49 AM,NQH26,"24,515.00","24,515.00","24,513.00","24,513.75"
03/16/2026 03:48 AM,NQH26,"24,516.25","24,516.25","24,513.25","24,513.25"
03/16/2026 03:47 AM,NQH26,"24,517.75","24,519.25","24,513.25","24,514.50"
03/16/2026 03:46 AM,NQH26,"24,519.25","24,520.25","24,517.75","24,517.75"
03/16/2026 03:45 AM,NQH26,"24,520.00","24,520.75","24,520.00","24,520.75"
03/16/2026 03:44 AM,NQH26,"24,517.50","24,519.50","24,517.50","24,519.00"
03/16/2026 03:43 AM,NQH26,"24,519.75","24,520.00","24,516.75","24,516.75"
03/16/2026 03:42 AM,NQH26,"24,518.00","24,519.75","24,516.25","24,519.75"
03/16/2026 03:41 AM,NQH26,"24,519.50","24,519.75","24,516.25","24,518.00"
03/16/2026 03:40 AM,NQH26,"24,522.00","24,522.00","24,515.00","24,519.50"
03/16/2026 03:39 AM,NQH26,"24,524.00","24,524.00","24,521.00","24,523.00"
03/16/2026 03:38 AM,NQH26,"24,522.00","24,524.25","24,518.25","24,524.25"
03/16/2026 03:37 AM,NQH26,"24,524.50","24,524.50","24,520.25","24,521.75"
03/16/2026 03:36 AM,NQH26,"24,527.00","24,528.25","24,524.75","24,525.25"
03/16/2026 03:35 AM,NQH26,"24,528.00","24,528.75","24,527.00","24,527.50"
03/16/2026 03:34 AM,NQH26,"24,529.25","24,530.25","24,528.25","24,529.50"
03/16/2026 03:33 AM,NQH26,"24,529.00","24,530.75","24,527.50","24,527.50"
03/16/2026 03:32 AM,NQH26,"24,529.25","24,531.00","24,528.50","24,531.00"
03/16/2026 03:31 AM,NQH26,"24,531.25","24,533.00","24,530.00","24,530.00"
03/16/2026 03:30 AM,NQH26,"24,535.00","24,535.00","24,530.25","24,532.25"
03/16/2026 03:29 AM,NQH26,"24,533.25","24,534.25","24,533.00","24,533.00"
03/16/2026 03:28 AM,NQH26,"24,534.50","24,534.50","24,532.00","24,533.75"
03/16/2026 03:27 AM,NQH26,"24,535.00","24,536.25","24,533.75","24,536.00"
03/16/2026 03:26 AM,NQH26,"24,533.50","24,537.00","24,532.75","24,535.00"
03/16/2026 03:25 AM,NQH26,"24,533.50","24,536.50","24,532.75","24,533.50"
03/16/2026 03:24 AM,NQH26,"24,532.25","24,535.00","24,532.00","24,533.25"
03/16/2026 03:23 AM,NQH26,"24,539.00","24,539.00","24,533.25","24,533.25"
03/16/2026 03:22 AM,NQH26,"24,540.50","24,540.50","24,539.75","24,539.75"
03/16/2026 03:21 AM,NQH26,"24,541.00","24,542.00","24,540.00","24,542.00"
03/16/2026 03:20 AM,NQH26,"24,543.75","24,543.75","24,540.25","24,542.25"
03/16/2026 03:19 AM,NQH26,"24,541.00","24,545.00","24,540.25","24,545.00"
03/16/2026 03:18 AM,NQH26,"24,540.25","24,542.00","24,539.50","24,542.00"
03/16/2026 03:17 AM,NQH26,"24,543.25","24,544.75","24,537.75","24,540.00"
03/16/2026 03:16 AM,NQH26,"24,547.25","24,550.00","24,542.25","24,543.50"
03/16/2026 03:15 AM,NQH26,"24,536.00","24,547.00","24,536.00","24,546.75"
03/16/2026 03:14 AM,NQH26,"24,536.25","24,536.50","24,532.75","24,532.75"
03/16/2026 03:13 AM,NQH26,"24,534.00","24,536.00","24,533.50","24,535.50"
03/16/2026 03:12 AM,NQH26,"24,533.75","24,539.75","24,532.25","24,535.50"
03/16/2026 03:11 AM,NQH26,"24,532.75","24,535.50","24,531.25","24,535.50"
03/16/2026 03:10 AM,NQH26,"24,531.00","24,536.75","24,531.00","24,534.00"
03/16/2026 03:09 AM,NQH26,"24,534.50","24,534.75","24,530.00","24,532.25"
03/16/2026 03:08 AM,NQH26,"24,534.00","24,539.00","24,532.75","24,534.75"
03/16/2026 03:07 AM,NQH26,"24,533.75","24,534.00","24,531.25","24,531.25"
03/16/2026 03:06 AM,NQH26,"24,532.00","24,532.75","24,529.00","24,532.75"
03/16/2026 03:05 AM,NQH26,"24,529.50","24,530.75","24,527.50","24,530.00"
03/16/2026 03:04 AM,NQH26,"24,529.50","24,532.00","24,527.75","24,527.75"
03/16/2026 03:03 AM,NQH26,"24,529.75","24,530.75","24,529.75","24,530.25"
03/16/2026 03:02 AM,NQH26,"24,534.00","24,534.00","24,528.75","24,528.75"
03/16/2026 03:01 AM,NQH26,"24,529.75","24,534.00","24,529.75","24,533.75"
03/16/2026 03:00 AM,NQH26,"24,531.25","24,531.50","24,527.75","24,530.75"
03/16/2026 02:59 AM,NQH26,"24,533.25","24,533.25","24,530.00","24,530.50"
03/16/2026 02:58 AM,NQH26,"24,533.50","24,533.75","24,530.50","24,531.75"
03/16/2026 02:57 AM,NQH26,"24,531.50","24,533.50","24,531.50","24,533.00"
03/16/2026 02:56 AM,NQH26,"24,529.50","24,533.75","24,529.50","24,531.50"
03/16/2026 02:55 AM,NQH26,"24,530.50","24,530.50","24,527.50","24,530.50"
03/16/2026 02:54 AM,NQH26,"24,536.00","24,536.25","24,531.00","24,531.00"
03/16/2026 02:53 AM,NQH26,"24,530.50","24,538.00","24,530.50","24,537.75"
03/16/2026 02:52 AM,NQH26,"24,530.50","24,532.00","24,530.00","24,530.25"
03/16/2026 02:51 AM,NQH26,"24,532.00","24,534.00","24,530.50","24,532.00"
03/16/2026 02:50 AM,NQH26,"24,539.75","24,540.25","24,532.00","24,533.25"
03/16/2026 02:49 AM,NQH26,"24,518.00","24,538.50","24,518.00","24,537.00"
03/16/2026 02:48 AM,NQH26,"24,516.25","24,518.25","24,514.00","24,518.25"
03/16/2026 02:47 AM,NQH26,"24,517.00","24,517.75","24,516.50","24,517.50"
03/16/2026 02:46 AM,NQH26,"24,518.50","24,518.50","24,515.50","24,516.75"
03/16/2026 02:45 AM,NQH26,"24,517.75","24,519.75","24,517.50","24,518.75"
03/16/2026 02:44 AM,NQH26,"24,516.00","24,517.75","24,516.00","24,516.50"
03/16/2026 02:43 AM,NQH26,"24,516.25","24,517.50","24,515.00","24,515.75"
03/16/2026 02:42 AM,NQH26,"24,515.25","24,516.50","24,514.25","24,516.50"
03/16/2026 02:41 AM,NQH26,"24,514.50","24,518.00","24,514.25","24,517.25"
03/16/2026 02:40 AM,NQH26,"24,515.00","24,518.25","24,515.00","24,515.00"
03/16/2026 02:39 AM,NQH26,"24,516.75","24,518.75","24,515.00","24,515.50"
03/16/2026 02:38 AM,NQH26,"24,515.50","24,517.50","24,514.00","24,514.50"
03/16/2026 02:37 AM,NQH26,"24,515.25","24,515.25","24,512.00","24,512.00"
03/16/2026 02:36 AM,NQH26,"24,513.75","24,515.00","24,511.75","24,512.75"
03/16/2026 02:35 AM,NQH26,"24,516.50","24,518.25","24,514.00","24,514.75"
03/16/2026 02:34 AM,NQH26,"24,517.75","24,520.00","24,515.50","24,515.50"
03/16/2026 02:33 AM,NQH26,"24,516.50","24,519.00","24,512.00","24,517.75"
03/16/2026 02:32 AM,NQH26,"24,514.50","24,518.00","24,513.50","24,518.00"
03/16/2026 02:31 AM,NQH26,"24,512.75","24,516.75","24,512.00","24,514.50"
03/16/2026 02:30 AM,NQH26,"24,510.00","24,512.25","24,508.50","24,511.75"
03/16/2026 02:29 AM,NQH26,"24,508.50","24,509.75","24,507.50","24,509.25"
03/16/2026 02:28 AM,NQH26,"24,505.00","24,509.75","24,504.00","24,508.50"
03/16/2026 02:27 AM,NQH26,"24,502.25","24,505.00","24,502.25","24,505.00"
03/16/2026 02:26 AM,NQH26,"24,504.25","24,504.25","24,501.75","24,503.50"
03/16/2026 02:25 AM,NQH26,"24,505.50","24,506.00","24,504.00","24,504.50"
03/16/2026 02:24 AM,NQH26,"24,502.25","24,506.75","24,502.00","24,505.75"
03/16/2026 02:23 AM,NQH26,"24,499.50","24,505.00","24,499.50","24,505.00"
03/16/2026 02:22 AM,NQH26,"24,497.25","24,499.00","24,495.00","24,496.50"
03/16/2026 02:21 AM,NQH26,"24,498.50","24,498.75","24,496.25","24,496.75"
03/16/2026 02:20 AM,NQH26,"24,504.00","24,504.00","24,496.00","24,498.25"
03/16/2026 02:19 AM,NQH26,"24,499.00","24,506.00","24,497.25","24,504.25"
03/16/2026 02:18 AM,NQH26,"24,498.00","24,498.50","24,495.25","24,495.25"
03/16/2026 02:16 AM,NQH26,"24,494.00","24,495.25","24,492.50","24,495.25"
03/16/2026 02:15 AM,NQH26,"24,496.00","24,498.00","24,493.50","24,493.50"
03/16/2026 02:14 AM,NQH26,"24,494.75","24,494.75","24,493.00","24,494.00"
03/16/2026 02:13 AM,NQH26,"24,498.00","24,498.00","24,495.25","24,495.25"
03/16/2026 02:12 AM,NQH26,"24,492.75","24,498.00","24,492.75","24,497.00"
03/16/2026 02:11 AM,NQH26,"24,493.25","24,495.50","24,492.00","24,493.25"
03/16/2026 02:10 AM,NQH26,"24,500.00","24,501.25","24,492.75","24,492.75"
03/16/2026 02:09 AM,NQH26,"24,497.75","24,501.00","24,496.50","24,500.25"
03/16/2026 02:08 AM,NQH26,"24,498.25","24,500.00","24,497.25","24,499.25"
03/16/2026 02:07 AM,NQH26,"24,497.25","24,499.25","24,494.50","24,497.25"
03/16/2026 02:06 AM,NQH26,"24,492.00","24,499.00","24,492.00","24,497.75"
03/16/2026 02:05 AM,NQH26,"24,493.50","24,493.50","24,492.00","24,492.00"
03/16/2026 02:04 AM,NQH26,"24,493.50","24,493.75","24,492.00","24,492.75"
03/16/2026 02:03 AM,NQH26,"24,493.00","24,494.75","24,492.00","24,492.75"
03/16/2026 02:02 AM,NQH26,"24,492.75","24,495.00","24,492.25","24,495.00"
03/16/2026 02:01 AM,NQH26,"24,492.75","24,494.75","24,488.25","24,494.75"
03/16/2026 02:00 AM,NQH26,"24,490.50","24,496.00","24,489.75","24,491.75"
03/16/2026 01:59 AM,NQH26,"24,493.00","24,493.00","24,490.75","24,492.00"
03/16/2026 01:58 AM,NQH26,"24,496.25","24,496.25","24,491.50","24,491.50"
03/16/2026 01:57 AM,NQH26,"24,495.00","24,500.00","24,495.00","24,495.00"
03/16/2026 01:56 AM,NQH26,"24,485.75","24,496.00","24,485.75","24,496.00"
03/16/2026 01:55 AM,NQH26,"24,479.75","24,487.50","24,479.75","24,487.50"
03/16/2026 01:54 AM,NQH26,"24,485.00","24,485.00","24,476.75","24,477.75"
03/16/2026 01:53 AM,NQH26,"24,494.25","24,494.25","24,485.25","24,486.50"
03/16/2026 01:52 AM,NQH26,"24,493.75","24,495.25","24,493.00","24,494.75"
03/16/2026 01:51 AM,NQH26,"24,492.50","24,493.75","24,490.75","24,492.25"
03/16/2026 01:50 AM,NQH26,"24,488.00","24,492.50","24,488.00","24,491.25"
03/16/2026 01:49 AM,NQH26,"24,495.25","24,495.50","24,486.50","24,490.00"
03/16/2026 01:48 AM,NQH26,"24,491.25","24,496.75","24,490.00","24,494.75"
03/16/2026 01:47 AM,NQH26,"24,490.50","24,496.00","24,489.50","24,490.00"
03/16/2026 01:46 AM,NQH26,"24,480.50","24,492.00","24,480.50","24,490.75"
03/16/2026 01:45 AM,NQH26,"24,479.00","24,480.00","24,477.00","24,478.75"
03/16/2026 01:44 AM,NQH26,"24,482.25","24,482.25","24,477.75","24,479.50"
03/16/2026 01:43 AM,NQH26,"24,485.75","24,490.25","24,483.25","24,484.75"
03/16/2026 01:42 AM,NQH26,"24,485.25","24,488.00","24,482.00","24,486.50"
03/16/2026 01:41 AM,NQH26,"24,480.00","24,485.25","24,480.00","24,483.75"
03/16/2026 01:40 AM,NQH26,"24,476.00","24,480.00","24,474.75","24,480.00"
03/16/2026 01:39 AM,NQH26,"24,477.25","24,479.75","24,477.25","24,478.00"
03/16/2026 01:38 AM,NQH26,"24,475.75","24,479.75","24,475.50","24,477.50"
03/16/2026 01:37 AM,NQH26,"24,479.00","24,480.00","24,475.75","24,476.50"
03/16/2026 01:36 AM,NQH26,"24,483.00","24,483.75","24,474.25","24,477.50"
03/16/2026 01:35 AM,NQH26,"24,485.50","24,486.50","24,483.50","24,483.75"
03/16/2026 01:34 AM,NQH26,"24,483.00","24,486.50","24,482.50","24,486.25"
03/16/2026 01:33 AM,NQH26,"24,482.50","24,483.75","24,481.75","24,482.25"
03/16/2026 01:32 AM,NQH26,"24,483.25","24,484.25","24,481.25","24,482.25"
03/16/2026 01:31 AM,NQH26,"24,484.50","24,484.75","24,483.25","24,484.00"
03/16/2026 01:30 AM,NQH26,"24,485.75","24,487.25","24,481.50","24,483.25"
03/16/2026 01:29 AM,NQH26,"24,484.25","24,488.25","24,484.25","24,487.25"
03/16/2026 01:28 AM,NQH26,"24,486.75","24,488.00","24,481.50","24,484.50"
03/16/2026 01:27 AM,NQH26,"24,488.00","24,488.00","24,484.50","24,484.50"
03/16/2026 01:26 AM,NQH26,"24,490.00","24,492.25","24,488.50","24,489.50"
03/16/2026 01:25 AM,NQH26,"24,489.50","24,493.50","24,489.25","24,493.25"
03/16/2026 01:24 AM,NQH26,"24,488.75","24,491.75","24,487.50","24,489.50"
03/16/2026 01:23 AM,NQH26,"24,491.75","24,491.75","24,485.50","24,488.75"
03/16/2026 01:22 AM,NQH26,"24,492.25","24,495.00","24,489.25","24,489.25"
03/16/2026 01:21 AM,NQH26,"24,498.00","24,498.00","24,490.25","24,491.00"
03/16/2026 01:20 AM,NQH26,"24,503.25","24,504.75","24,497.50","24,500.25"
03/16/2026 01:19 AM,NQH26,"24,502.75","24,506.25","24,500.75","24,502.75"
03/16/2026 01:18 AM,NQH26,"24,498.00","24,502.50","24,496.50","24,502.50"
03/16/2026 01:17 AM,NQH26,"24,496.25","24,500.25","24,496.25","24,498.50"
03/16/2026 01:16 AM,NQH26,"24,494.00","24,498.25","24,491.50","24,498.25"
03/16/2026 01:15 AM,NQH26,"24,504.50","24,507.75","24,480.00","24,494.00"
03/16/2026 01:14 AM,NQH26,"24,500.50","24,504.25","24,498.00","24,502.25"
03/16/2026 01:13 AM,NQH26,"24,503.75","24,503.75","24,496.25","24,500.50"
03/16/2026 01:12 AM,NQH26,"24,510.50","24,511.00","24,504.00","24,506.25"
03/16/2026 01:11 AM,NQH26,"24,510.75","24,512.50","24,507.75","24,509.00"
03/16/2026 01:10 AM,NQH26,"24,509.25","24,513.25","24,509.00","24,510.50"
03/16/2026 01:09 AM,NQH26,"24,504.50","24,511.25","24,504.00","24,511.25"
03/16/2026 01:08 AM,NQH26,"24,509.25","24,511.00","24,505.00","24,506.00"
03/16/2026 01:07 AM,NQH26,"24,508.75","24,517.00","24,508.75","24,512.00"
03/16/2026 01:06 AM,NQH26,"24,505.75","24,507.00","24,499.75","24,506.25"
03/16/2026 01:05 AM,NQH26,"24,510.25","24,512.00","24,502.00","24,505.75"
03/16/2026 01:04 AM,NQH26,"24,506.50","24,510.75","24,505.25","24,510.50"
03/16/2026 01:03 AM,NQH26,"24,504.50","24,506.50","24,496.00","24,506.50"
03/16/2026 01:02 AM,NQH26,"24,510.75","24,511.50","24,501.25","24,504.75"
03/16/2026 01:01 AM,NQH26,"24,512.25","24,515.50","24,510.25","24,511.25"
03/16/2026 01:00 AM,NQH26,"24,516.00","24,518.50","24,510.25","24,510.25"
03/16/2026 12:59 AM,NQH26,"24,512.50","24,514.50","24,511.00","24,514.50"
03/16/2026 12:58 AM,NQH26,"24,512.25","24,518.50","24,510.75","24,513.75"
03/16/2026 12:57 AM,NQH26,"24,515.25","24,515.25","24,509.00","24,511.50"
03/16/2026 12:56 AM,NQH26,"24,518.00","24,519.00","24,512.75","24,515.25"
03/16/2026 12:55 AM,NQH26,"24,518.00","24,520.50","24,511.50","24,519.00"
03/16/2026 12:54 AM,NQH26,"24,512.25","24,523.75","24,511.00","24,517.50"
03/16/2026 12:53 AM,NQH26,"24,511.25","24,515.00","24,510.50","24,513.50"
03/16/2026 12:52 AM,NQH26,"24,509.75","24,511.00","24,493.75","24,510.25"
03/16/2026 12:51 AM,NQH26,"24,512.75","24,513.50","24,503.00","24,508.50"
03/16/2026 12:50 AM,NQH26,"24,499.75","24,519.75","24,499.50","24,512.25"
03/16/2026 12:49 AM,NQH26,"24,497.00","24,500.50","24,495.50","24,499.25"
03/16/2026 12:48 AM,NQH26,"24,495.50","24,500.50","24,494.25","24,496.50"
03/16/2026 12:47 AM,NQH26,"24,489.75","24,495.25","24,489.00","24,493.50"
03/16/2026 12:46 AM,NQH26,"24,484.50","24,489.25","24,484.25","24,488.50"
03/16/2026 12:45 AM,NQH26,"24,483.00","24,490.50","24,483.00","24,486.25"
03/16/2026 12:44 AM,NQH26,"24,478.25","24,484.25","24,476.50","24,481.25"
03/16/2026 12:43 AM,NQH26,"24,488.50","24,490.75","24,479.50","24,479.50"
03/16/2026 12:42 AM,NQH26,"24,475.50","24,491.75","24,473.25","24,488.75"
03/16/2026 12:41 AM,NQH26,"24,478.25","24,478.25","24,470.25","24,474.00"
03/16/2026 12:40 AM,NQH26,"24,473.00","24,479.75","24,471.75","24,478.00"
03/16/2026 12:39 AM,NQH26,"24,483.25","24,486.00","24,472.25","24,473.25"
03/16/2026 12:38 AM,NQH26,"24,484.50","24,493.75","24,483.50","24,483.50"
03/16/2026 12:37 AM,NQH26,"24,491.25","24,491.25","24,478.75","24,486.00"
03/16/2026 12:36 AM,NQH26,"24,494.75","24,496.50","24,486.25","24,490.75"
03/16/2026 12:35 AM,NQH26,"24,480.00","24,496.75","24,478.25","24,495.00"
03/16/2026 12:34 AM,NQH26,"24,474.25","24,481.00","24,471.25","24,478.50"
03/16/2026 12:33 AM,NQH26,"24,474.75","24,476.75","24,468.75","24,471.25"
03/16/2026 12:32 AM,NQH26,"24,490.75","24,490.75","24,473.50","24,475.00"
03/16/2026 12:31 AM,NQH26,"24,492.75","24,496.00","24,487.50","24,490.00"
03/16/2026 12:30 AM,NQH26,"24,494.50","24,496.00","24,490.00","24,490.75"
03/16/2026 12:29 AM,NQH26,"24,494.50","24,503.00","24,493.25","24,494.25"
03/16/2026 12:28 AM,NQH26,"24,497.50","24,499.75","24,492.25","24,498.00"
03/16/2026 12:27 AM,NQH26,"24,507.50","24,507.50","24,497.50","24,498.00"
03/16/2026 12:26 AM,NQH26,"24,501.50","24,505.75","24,499.75","24,504.75"
03/16/2026 12:25 AM,NQH26,"24,507.00","24,512.00","24,501.75","24,501.75"
03/16/2026 12:24 AM,NQH26,"24,510.75","24,510.75","24,507.50","24,507.50"
03/16/2026 12:23 AM,NQH26,"24,506.25","24,512.00","24,504.25","24,512.00"
03/16/2026 12:22 AM,NQH26,"24,514.25","24,516.25","24,507.25","24,507.25"
03/16/2026 12:21 AM,NQH26,"24,515.25","24,515.25","24,509.50","24,512.50"
03/16/2026 12:20 AM,NQH26,"24,512.00","24,516.50","24,509.25","24,516.50"
03/16/2026 12:19 AM,NQH26,"24,508.25","24,513.75","24,507.00","24,512.00"
03/16/2026 12:18 AM,NQH26,"24,510.00","24,510.25","24,507.00","24,509.50"
03/16/2026 12:17 AM,NQH26,"24,510.00","24,512.50","24,507.75","24,511.75"
03/16/2026 12:16 AM,NQH26,"24,511.00","24,519.25","24,506.00","24,507.25"
03/16/2026 12:15 AM,NQH26,"24,502.50","24,510.75","24,499.25","24,509.25"
03/16/2026 12:14 AM,NQH26,"24,496.50","24,501.50","24,496.50","24,500.25"
03/16/2026 12:13 AM,NQH26,"24,498.75","24,501.50","24,492.25","24,495.50"
03/16/2026 12:12 AM,NQH26,"24,495.00","24,502.00","24,495.00","24,498.75"
03/16/2026 12:11 AM,NQH26,"24,493.00","24,496.50","24,490.00","24,493.50"
03/16/2026 12:10 AM,NQH26,"24,498.00","24,500.25","24,493.00","24,493.00"
03/16/2026 12:09 AM,NQH26,"24,502.50","24,503.25","24,497.75","24,499.75"
03/16/2026 12:08 AM,NQH26,"24,501.50","24,507.50","24,501.50","24,504.00"
03/16/2026 12:07 AM,NQH26,"24,503.00","24,503.75","24,498.25","24,501.75"
03/16/2026 12:06 AM,NQH26,"24,503.50","24,506.00","24,500.50","24,503.75"
03/16/2026 12:05 AM,NQH26,"24,497.50","24,506.50","24,496.00","24,501.50"
03/16/2026 12:04 AM,NQH26,"24,501.25","24,501.25","24,495.00","24,496.75"
03/16/2026 12:03 AM,NQH26,"24,511.25","24,511.25","24,496.00","24,499.50"
03/16/2026 12:02 AM,NQH26,"24,515.25","24,515.25","24,503.50","24,510.75"
03/16/2026 12:01 AM,NQH26,"24,512.25","24,519.00","24,507.50","24,517.00"
03/16/2026 12:00 AM,NQH26,"24,511.50","24,523.50","24,511.50","24,513.50"
03/15/2026 11:59 PM,NQH26,"24,508.00","24,511.50","24,508.00","24,508.25"
03/15/2026 11:58 PM,NQH26,"24,513.00","24,513.00","24,508.50","24,508.50"
03/15/2026 11:57 PM,NQH26,"24,510.25","24,516.00","24,509.00","24,513.75"
03/15/2026 11:56 PM,NQH26,"24,509.00","24,512.25","24,508.00","24,510.50"
03/15/2026 11:55 PM,NQH26,"24,518.00","24,519.50","24,509.50","24,509.50"
03/15/2026 11:54 PM,NQH26,"24,512.25","24,519.25","24,512.25","24,516.25"
03/15/2026 11:53 PM,NQH26,"24,516.25","24,519.00","24,510.25","24,512.00"
03/15/2026 11:52 PM,NQH26,"24,518.00","24,518.75","24,514.00","24,517.50"
03/15/2026 11:51 PM,NQH26,"24,517.00","24,521.75","24,515.50","24,517.75"
03/15/2026 11:50 PM,NQH26,"24,516.50","24,517.50","24,513.00","24,517.25"
03/15/2026 11:49 PM,NQH26,"24,511.75","24,518.00","24,507.75","24,513.25"
03/15/2026 11:48 PM,NQH26,"24,491.25","24,516.50","24,491.25","24,512.50"
03/15/2026 11:47 PM,NQH26,"24,501.50","24,506.50","24,488.75","24,492.25"
03/15/2026 11:46 PM,NQH26,"24,500.00","24,501.50","24,495.00","24,501.50"
03/15/2026 11:45 PM,NQH26,"24,497.75","24,502.50","24,497.50","24,502.00"
03/15/2026 11:44 PM,NQH26,"24,506.50","24,506.75","24,498.00","24,498.50"
03/15/2026 11:43 PM,NQH26,"24,507.75","24,509.25","24,506.25","24,506.25"
03/15/2026 11:42 PM,NQH26,"24,507.75","24,512.50","24,507.50","24,508.25"
03/15/2026 11:41 PM,NQH26,"24,505.25","24,507.25","24,503.75","24,506.50"
03/15/2026 11:40 PM,NQH26,"24,506.50","24,511.75","24,502.75","24,505.25"
03/15/2026 11:39 PM,NQH26,"24,502.00","24,510.75","24,501.25","24,504.50"
03/15/2026 11:38 PM,NQH26,"24,492.50","24,502.75","24,491.75","24,501.75"
03/15/2026 11:37 PM,NQH26,"24,494.00","24,496.50","24,489.25","24,492.50"
03/15/2026 11:36 PM,NQH26,"24,504.75","24,506.00","24,493.50","24,494.50"
03/15/2026 11:35 PM,NQH26,"24,497.50","24,506.75","24,497.50","24,506.75"
03/15/2026 11:34 PM,NQH26,"24,492.75","24,499.50","24,490.00","24,499.25"
03/15/2026 11:33 PM,NQH26,"24,493.00","24,496.50","24,492.50","24,494.50"
03/15/2026 11:32 PM,NQH26,"24,491.50","24,494.75","24,490.25","24,491.00"
03/15/2026 11:31 PM,NQH26,"24,489.25","24,496.00","24,487.75","24,492.00"
03/15/2026 11:30 PM,NQH26,"24,490.50","24,494.00","24,485.25","24,488.75"
03/15/2026 11:29 PM,NQH26,"24,487.25","24,492.75","24,487.00","24,491.00"
03/15/2026 11:28 PM,NQH26,"24,490.00","24,491.75","24,487.00","24,487.50"
03/15/2026 11:27 PM,NQH26,"24,491.25","24,491.25","24,487.50","24,491.25"
03/15/2026 11:26 PM,NQH26,"24,488.75","24,497.50","24,486.50","24,491.25"
03/15/2026 11:25 PM,NQH26,"24,496.25","24,496.75","24,487.75","24,491.50"
03/15/2026 11:24 PM,NQH26,"24,495.50","24,497.50","24,488.25","24,495.00"
03/15/2026 11:23 PM,NQH26,"24,498.25","24,502.75","24,495.00","24,496.25"
03/15/2026 11:22 PM,NQH26,"24,493.50","24,500.25","24,493.00","24,498.50"
03/15/2026 11:21 PM,NQH26,"24,497.50","24,497.50","24,492.25","24,493.50"
03/15/2026 11:20 PM,NQH26,"24,509.00","24,509.00","24,495.00","24,496.75"
03/15/2026 11:19 PM,NQH26,"24,509.25","24,512.75","24,508.00","24,510.00"
03/15/2026 11:18 PM,NQH26,"24,522.25","24,522.25","24,508.50","24,511.00"
03/15/2026 11:17 PM,NQH26,"24,522.75","24,525.50","24,520.00","24,524.00"
03/15/2026 11:16 PM,NQH26,"24,518.50","24,525.25","24,515.25","24,523.00"
03/15/2026 11:15 PM,NQH26,"24,509.00","24,521.00","24,509.00","24,518.75"
03/15/2026 11:14 PM,NQH26,"24,509.50","24,514.50","24,503.75","24,507.25"
03/15/2026 11:13 PM,NQH26,"24,509.25","24,520.25","24,503.75","24,507.75"
03/15/2026 11:12 PM,NQH26,"24,499.50","24,514.00","24,492.25","24,505.00"
03/15/2026 11:11 PM,NQH26,"24,510.25","24,514.00","24,495.00","24,498.00"
03/15/2026 11:10 PM,NQH26,"24,505.50","24,516.75","24,505.50","24,512.25"
03/15/2026 11:09 PM,NQH26,"24,501.50","24,507.00","24,496.75","24,505.00"
03/15/2026 11:08 PM,NQH26,"24,507.00","24,512.25","24,500.25","24,501.75"
03/15/2026 11:07 PM,NQH26,"24,492.50","24,511.25","24,490.25","24,508.00"
03/15/2026 11:06 PM,NQH26,"24,490.00","24,495.00","24,486.50","24,492.00"
03/15/2026 11:05 PM,NQH26,"24,482.00","24,491.25","24,480.25","24,489.75"
03/15/2026 11:04 PM,NQH26,"24,483.00","24,485.50","24,477.00","24,481.00"
03/15/2026 11:03 PM,NQH26,"24,481.75","24,490.75","24,477.25","24,484.75"
03/15/2026 11:02 PM,NQH26,"24,470.75","24,482.00","24,464.25","24,482.00"
03/15/2026 11:01 PM,NQH26,"24,463.25","24,474.00","24,462.50","24,472.00"
03/15/2026 11:00 PM,NQH26,"24,439.00","24,465.00","24,437.25","24,465.00"
03/15/2026 10:59 PM,NQH26,"24,445.00","24,447.00","24,439.50","24,439.50"
03/15/2026 10:58 PM,NQH26,"24,441.25","24,447.25","24,437.75","24,444.75"
03/15/2026 10:57 PM,NQH26,"24,447.75","24,451.25","24,440.50","24,442.00"
03/15/2026 10:56 PM,NQH26,"24,447.25","24,452.25","24,447.25","24,450.25"
03/15/2026 10:55 PM,NQH26,"24,453.75","24,453.75","24,447.75","24,449.00"
03/15/2026 10:54 PM,NQH26,"24,459.00","24,459.00","24,454.50","24,454.50"
03/15/2026 10:53 PM,NQH26,"24,457.00","24,459.25","24,456.00","24,459.25"
03/15/2026 10:52 PM,NQH26,"24,453.50","24,459.50","24,453.50","24,457.25"
03/15/2026 10:51 PM,NQH26,"24,457.00","24,459.00","24,449.50","24,455.50"
03/15/2026 10:50 PM,NQH26,"24,459.75","24,460.50","24,450.50","24,456.25"
03/15/2026 10:49 PM,NQH26,"24,450.25","24,460.00","24,449.25","24,459.00"
03/15/2026 10:48 PM,NQH26,"24,459.50","24,460.50","24,446.50","24,450.50"
03/15/2026 10:47 PM,NQH26,"24,456.25","24,460.25","24,451.00","24,460.00"
03/15/2026 10:46 PM,NQH26,"24,452.25","24,459.25","24,446.00","24,456.25"
03/15/2026 10:45 PM,NQH26,"24,435.25","24,454.50","24,435.25","24,454.50"
03/15/2026 10:44 PM,NQH26,"24,435.25","24,436.25","24,431.75","24,434.00"
03/15/2026 10:43 PM,NQH26,"24,444.00","24,446.25","24,432.00","24,436.00"
03/15/2026 10:42 PM,NQH26,"24,438.50","24,449.75","24,437.50","24,446.25"
03/15/2026 10:41 PM,NQH26,"24,425.25","24,438.25","24,424.75","24,438.25"
03/15/2026 10:40 PM,NQH26,"24,415.00","24,427.00","24,415.00","24,426.50"
03/15/2026 10:39 PM,NQH26,"24,416.50","24,416.50","24,408.50","24,414.25"
03/15/2026 10:38 PM,NQH26,"24,412.50","24,422.50","24,412.50","24,419.00"
03/15/2026 10:37 PM,NQH26,"24,421.50","24,421.50","24,411.00","24,411.25"
03/15/2026 10:36 PM,NQH26,"24,425.75","24,427.50","24,421.00","24,421.25"
03/15/2026 10:35 PM,NQH26,"24,426.00","24,430.75","24,425.50","24,429.00"
03/15/2026 10:34 PM,NQH26,"24,423.75","24,430.50","24,422.00","24,430.00"
03/15/2026 10:33 PM,NQH26,"24,423.25","24,426.50","24,420.25","24,423.00"
03/15/2026 10:32 PM,NQH26,"24,432.00","24,432.00","24,422.00","24,422.00"
03/15/2026 10:31 PM,NQH26,"24,433.00","24,438.25","24,432.25","24,434.50"
03/15/2026 10:30 PM,NQH26,"24,433.25","24,433.25","24,427.00","24,433.25"
03/15/2026 10:29 PM,NQH26,"24,431.00","24,435.00","24,429.25","24,434.25"
03/15/2026 10:28 PM,NQH26,"24,431.00","24,433.75","24,428.50","24,430.75"
03/15/2026 10:27 PM,NQH26,"24,432.00","24,435.50","24,428.00","24,428.25"
03/15/2026 10:26 PM,NQH26,"24,443.00","24,443.00","24,429.00","24,429.00"
03/15/2026 10:25 PM,NQH26,"24,443.50","24,447.25","24,437.25","24,441.25"
03/15/2026 10:24 PM,NQH26,"24,438.50","24,446.75","24,436.00","24,445.00"
03/15/2026 10:23 PM,NQH26,"24,432.75","24,438.25","24,430.75","24,438.25"
03/15/2026 10:22 PM,NQH26,"24,433.25","24,437.00","24,431.00","24,431.25"
03/15/2026 10:21 PM,NQH26,"24,431.00","24,435.75","24,429.00","24,433.25"
03/15/2026 10:20 PM,NQH26,"24,435.75","24,437.00","24,431.75","24,432.75"
03/15/2026 10:19 PM,NQH26,"24,437.75","24,443.25","24,434.75","24,434.75"
03/15/2026 10:18 PM,NQH26,"24,434.25","24,441.75","24,432.50","24,441.75"
03/15/2026 10:17 PM,NQH26,"24,438.00","24,438.00","24,431.00","24,434.50"
03/15/2026 10:16 PM,NQH26,"24,432.50","24,443.50","24,429.00","24,443.50"
03/15/2026 10:15 PM,NQH26,"24,450.25","24,454.50","24,432.00","24,432.75"
03/15/2026 10:14 PM,NQH26,"24,444.75","24,452.00","24,443.25","24,452.00"
03/15/2026 10:13 PM,NQH26,"24,439.00","24,446.75","24,436.25","24,443.50"
03/15/2026 10:12 PM,NQH26,"24,434.00","24,445.00","24,433.00","24,439.50"
03/15/2026 10:11 PM,NQH26,"24,426.25","24,440.00","24,426.00","24,434.00"
03/15/2026 10:10 PM,NQH26,"24,445.25","24,449.75","24,427.50","24,429.75"
03/15/2026 10:09 PM,NQH26,"24,440.50","24,450.00","24,438.50","24,446.50"
03/15/2026 10:08 PM,NQH26,"24,459.25","24,459.25","24,437.25","24,440.25"
03/15/2026 10:07 PM,NQH26,"24,451.50","24,460.00","24,450.25","24,459.75"
03/15/2026 10:06 PM,NQH26,"24,467.75","24,473.75","24,448.50","24,451.50"
03/15/2026 10:05 PM,NQH26,"24,458.00","24,474.50","24,457.50","24,471.00"
03/15/2026 10:04 PM,NQH26,"24,450.75","24,462.25","24,440.75","24,459.75"
03/15/2026 10:03 PM,NQH26,"24,458.50","24,467.50","24,436.00","24,452.75"
03/15/2026 10:02 PM,NQH26,"24,472.25","24,475.50","24,458.00","24,458.00"
03/15/2026 10:01 PM,NQH26,"24,492.75","24,495.25","24,471.00","24,471.75"
03/15/2026 10:00 PM,NQH26,"24,468.75","24,496.75","24,466.00","24,492.75"
03/15/2026 09:59 PM,NQH26,"24,470.00","24,475.50","24,448.50","24,464.75"
03/15/2026 09:58 PM,NQH26,"24,464.75","24,475.50","24,461.00","24,472.75"
03/15/2026 09:57 PM,NQH26,"24,448.25","24,470.75","24,448.25","24,468.25"
03/15/2026 09:56 PM,NQH26,"24,454.00","24,468.25","24,448.25","24,448.25"
03/15/2026 09:55 PM,NQH26,"24,453.25","24,459.25","24,453.25","24,455.75"
03/15/2026 09:54 PM,NQH26,"24,445.25","24,459.25","24,445.00","24,456.50"
03/15/2026 09:53 PM,NQH26,"24,448.50","24,448.75","24,440.00","24,446.75"
03/15/2026 09:52 PM,NQH26,"24,445.75","24,448.75","24,437.50","24,445.75"
03/15/2026 09:51 PM,NQH26,"24,445.75","24,457.75","24,437.00","24,444.00"
03/15/2026 09:50 PM,NQH26,"24,418.25","24,451.00","24,418.25","24,448.25"
03/15/2026 09:49 PM,NQH26,"24,418.50","24,422.75","24,415.25","24,417.50"
03/15/2026 09:48 PM,NQH26,"24,419.75","24,428.00","24,415.50","24,419.25"
03/15/2026 09:47 PM,NQH26,"24,397.00","24,420.00","24,394.75","24,420.00"
03/15/2026 09:46 PM,NQH26,"24,397.00","24,397.00","24,390.50","24,395.00"
03/15/2026 09:45 PM,NQH26,"24,391.25","24,397.25","24,385.50","24,397.25"
03/15/2026 09:44 PM,NQH26,"24,378.75","24,395.00","24,378.00","24,391.25"
03/15/2026 09:43 PM,NQH26,"24,366.00","24,383.25","24,366.00","24,381.00"
03/15/2026 09:42 PM,NQH26,"24,360.00","24,366.25","24,356.00","24,366.00"
03/15/2026 09:41 PM,NQH26,"24,355.00","24,360.00","24,352.25","24,355.50"
03/15/2026 09:40 PM,NQH26,"24,356.25","24,358.00","24,347.75","24,353.75"
03/15/2026 09:39 PM,NQH26,"24,347.75","24,359.25","24,346.25","24,354.75"
03/15/2026 09:38 PM,NQH26,"24,347.75","24,353.75","24,344.75","24,347.25"
03/15/2026 09:37 PM,NQH26,"24,344.25","24,355.00","24,343.75","24,347.00"
03/15/2026 09:36 PM,NQH26,"24,332.00","24,346.25","24,331.50","24,344.75"
03/15/2026 09:35 PM,NQH26,"24,332.75","24,333.25","24,326.25","24,331.75"
03/15/2026 09:34 PM,NQH26,"24,328.00","24,334.00","24,328.00","24,329.25"
03/15/2026 09:33 PM,NQH26,"24,333.25","24,333.50","24,323.75","24,333.25"
03/15/2026 09:32 PM,NQH26,"24,342.50","24,343.75","24,333.50","24,336.25"
03/15/2026 09:31 PM,NQH26,"24,340.25","24,350.00","24,340.25","24,344.00"
03/15/2026 09:30 PM,NQH26,"24,340.00","24,344.50","24,338.50","24,344.50"
03/15/2026 09:29 PM,NQH26,"24,337.75","24,343.00","24,333.25","24,338.75"
03/15/2026 09:28 PM,NQH26,"24,333.50","24,337.25","24,324.75","24,337.25"
03/15/2026 09:27 PM,NQH26,"24,336.75","24,344.25","24,322.75","24,333.75"
03/15/2026 09:26 PM,NQH26,"24,343.25","24,346.00","24,330.25","24,337.00"
03/15/2026 09:25 PM,NQH26,"24,330.25","24,350.00","24,328.00","24,342.25"
03/15/2026 09:24 PM,NQH26,"24,305.50","24,330.75","24,305.50","24,328.25"
03/15/2026 09:23 PM,NQH26,"24,327.00","24,329.75","24,305.00","24,305.00"
03/15/2026 09:22 PM,NQH26,"24,319.25","24,330.00","24,319.00","24,329.00"
03/15/2026 09:21 PM,NQH26,"24,322.50","24,325.00","24,317.50","24,325.00"
03/15/2026 09:20 PM,NQH26,"24,307.25","24,323.75","24,307.00","24,323.50"
03/15/2026 09:19 PM,NQH26,"24,304.75","24,309.75","24,300.00","24,307.25"
03/15/2026 09:18 PM,NQH26,"24,307.75","24,309.50","24,303.50","24,305.75"
03/15/2026 09:17 PM,NQH26,"24,295.50","24,311.50","24,295.25","24,310.75"
03/15/2026 09:16 PM,NQH26,"24,303.25","24,309.00","24,297.00","24,298.25"
03/15/2026 09:15 PM,NQH26,"24,309.25","24,311.50","24,303.50","24,305.00"
03/15/2026 09:14 PM,NQH26,"24,311.25","24,316.00","24,307.25","24,309.00"
03/15/2026 09:13 PM,NQH26,"24,318.25","24,324.50","24,306.00","24,309.00"
03/15/2026 09:12 PM,NQH26,"24,332.00","24,336.50","24,318.00","24,318.00"
03/15/2026 09:11 PM,NQH26,"24,326.75","24,332.50","24,320.00","24,327.75"
03/15/2026 09:10 PM,NQH26,"24,326.00","24,332.50","24,320.00","24,332.50"
03/15/2026 09:09 PM,NQH26,"24,321.25","24,335.00","24,321.00","24,326.00"
03/15/2026 09:08 PM,NQH26,"24,350.00","24,354.50","24,322.75","24,322.75"
03/15/2026 09:07 PM,NQH26,"24,353.25","24,360.75","24,350.00","24,350.25"
03/15/2026 09:06 PM,NQH26,"24,355.25","24,359.75","24,343.50","24,354.50"
03/15/2026 09:05 PM,NQH26,"24,360.00","24,361.75","24,349.25","24,354.25"
03/15/2026 09:04 PM,NQH26,"24,375.25","24,379.25","24,346.50","24,358.50"
03/15/2026 09:03 PM,NQH26,"24,375.25","24,397.75","24,374.25","24,376.00"
03/15/2026 09:02 PM,NQH26,"24,384.50","24,405.00","24,365.75","24,377.75"
03/15/2026 09:01 PM,NQH26,"24,331.75","24,392.00","24,328.00","24,384.75"
03/15/2026 09:00 PM,NQH26,"24,285.00","24,359.75","24,278.00","24,335.25"
